bin_id,start_time_us,end_time_us,event_count
0,5766,218315,4605
1,218315,430864,5644
2,430864,643413,5421
3,643413,855962,6198
4,855962,1068511,5796
5,1068511,1281061,5935
6,1281061,1493610,5962
7,1493610,1706159,5839
8,1706159,1918708,5710
9,1918708,2131257,6425
10,2131257,2343806,6035
11,2343806,2556356,6405
12,2556356,2768905,8449
13,2768905,2981454,13793
14,2981454,3194003,5941
15,3194003,3406552,6510
16,3406552,3619102,7976
17,3619102,3831651,9165
18,3831651,4044200,19087
19,4044200,4256749,21982
20,4256749,4469298,224818
21,4469298,4681847,168777
22,4681847,4894397,52819
23,4894397,5106946,37622
24,5106946,5319495,31259
25,5319495,5532044,17667
26,5532044,5744593,10748
27,5744593,5957143,10893
28,5957143,6169692,9831
29,6169692,6382241,6479
30,6382241,6594790,8225
31,6594790,6807339,8237
32,6807339,7019888,8657
33,7019888,7232438,11362
34,7232438,7444987,17615
35,7444987,7657536,23962
36,7657536,7870085,228422
37,7870085,8082634,33280
38,8082634,8295184,13961
39,8295184,8507733,29407
40,8507733,8720282,69549
41,8720282,8932831,68592
42,8932831,9145380,62779
43,9145380,9357929,36857
44,9357929,9570479,19826
45,9570479,9783028,7882
46,9783028,9995577,6906
47,9995577,10208126,9535
48,10208126,10420675,12229
49,10420675,10633225,17655
