bin_id,frame_number,target_id,visible,x_original,y_original,w_original,h_original,x_128,y_128,w_128,h_128
0,4,1,1,752.0,126.0,20.0,10.0,71.56579925650557,35.76053215077605,1.903345724907063,2.838137472283814
0,4,2,1,670.0,262.0,43.0,16.0,63.762081784386616,74.35920177383592,4.092193308550186,4.541019955654102
0,4,3,1,1218.0,300.0,39.0,29.0,115.91375464684015,85.14412416851441,3.711524163568773,8.23059866962306
1,10,1,1,748.0,127.0,23.0,9.0,71.18513011152416,36.04434589800444,2.1888475836431227,2.5543237250554323
1,10,2,1,673.0,263.0,44.0,16.0,64.04758364312268,74.6430155210643,4.187360594795539,4.541019955654102
1,10,3,1,1221.0,303.0,37.0,28.0,116.1992565055762,85.99556541019956,3.521189591078067,7.946784922394679
2,17,1,1,743.0,128.0,19.0,9.0,70.70929368029739,36.328159645232816,1.8081784386617101,2.5543237250554323
2,17,2,1,677.0,264.0,44.0,15.0,64.42825278810409,74.92682926829268,4.187360594795539,4.25720620842572
2,17,3,1,1223.0,307.0,37.0,25.0,116.38959107806691,87.13082039911308,3.521189591078067,7.095343680709535
3,23,1,1,738.0,129.0,15.0,9.0,70.23345724907063,36.611973392461195,1.4275092936802973,2.5543237250554323
3,23,2,1,680.0,263.0,45.0,18.0,64.71375464684014,74.6430155210643,4.282527881040892,5.1086474501108645
3,23,3,1,1225.0,303.0,41.0,29.0,116.57992565055763,85.99556541019956,3.9018587360594794,8.23059866962306
4,29,1,1,735.0,130.0,21.0,9.0,69.94795539033457,36.89578713968958,1.9985130111524163,2.5543237250554323
4,29,2,1,685.0,265.0,42.0,14.0,65.18959107806691,75.21064301552106,3.9970260223048326,3.9733924611973395
4,29,3,1,1225.0,299.0,43.0,36.0,116.57992565055763,84.86031042128603,4.092193308550186,10.217294900221729
5,36,1,1,728.0,132.0,17.0,8.0,69.2817843866171,37.46341463414634,1.6178438661710037,2.270509977827051
5,36,2,1,688.0,265.0,44.0,16.0,65.47509293680298,75.21064301552106,4.187360594795539,4.541019955654102
5,36,3,1,1229.0,308.0,37.0,25.0,116.96059479553904,87.41463414634147,3.521189591078067,7.095343680709535
6,42,1,1,722.0,131.0,23.0,11.0,68.71078066914498,37.17960088691796,2.1888475836431227,3.1219512195121952
6,42,2,1,692.0,264.0,43.0,17.0,65.85576208178439,74.92682926829268,4.092193308550186,4.824833702882484
6,42,3,1,1228.0,306.0,40.0,29.0,116.86542750929368,86.8470066518847,3.806691449814126,8.23059866962306
7,48,1,1,717.0,132.0,28.0,10.0,68.23494423791821,37.46341463414634,2.6646840148698883,2.838137472283814
7,48,2,1,696.0,264.0,43.0,18.0,66.2364312267658,74.92682926829268,4.092193308550186,5.1086474501108645
7,48,3,1,1232.0,308.0,38.0,28.0,117.24609665427509,87.41463414634147,3.6163568773234203,7.946784922394679
8,55,1,1,714.0,133.0,20.0,9.0,67.94944237918216,37.747228381374725,1.903345724907063,2.5543237250554323
8,55,2,1,699.0,265.0,45.0,19.0,66.52193308550186,75.21064301552106,4.282527881040892,5.392461197339246
8,55,3,1,1237.0,308.0,31.0,28.0,117.72193308550186,87.41463414634147,2.950185873605948,7.946784922394679
9,61,1,1,709.0,134.0,22.0,10.0,67.47360594795539,38.031042128603104,2.0936802973977695,2.838137472283814
9,61,2,1,702.0,267.0,43.0,15.0,66.80743494423791,75.77827050997783,4.092193308550186,4.25720620842572
9,61,3,1,1236.0,310.0,33.0,27.0,117.6267657992565,87.98226164079823,3.1405204460966543,7.662971175166297
10,68,1,1,704.0,137.0,19.0,8.0,66.99776951672862,38.88248337028825,1.8081784386617101,2.270509977827051
10,68,2,1,708.0,268.0,43.0,16.0,67.37843866171004,76.06208425720621,4.092193308550186,4.541019955654102
10,68,3,1,1240.0,311.0,29.0,25.0,118.00743494423791,88.26607538802661,2.7598513011152415,7.095343680709535
11,74,1,1,698.0,135.0,19.0,10.0,66.4267657992565,38.31485587583148,1.8081784386617101,2.838137472283814
11,74,2,1,711.0,268.0,42.0,16.0,67.66394052044609,76.06208425720621,3.9970260223048326,4.541019955654102
11,74,3,1,1241.0,315.0,30.0,22.0,118.10260223048327,89.40133037694014,2.8550185873605947,6.2439024390243905
12,80,1,1,697.0,137.0,19.0,10.0,66.33159851301116,38.88248337028825,1.8081784386617101,2.838137472283814
12,80,2,1,714.0,268.0,41.0,17.0,67.94944237918216,76.06208425720621,3.9018587360594794,4.824833702882484
12,80,3,1,1241.0,317.0,28.0,20.0,118.10260223048327,89.9689578713969,2.6646840148698883,5.676274944567628
13,87,1,1,690.0,140.0,19.0,9.0,65.66542750929368,39.73392461197339,1.8081784386617101,2.5543237250554323
13,87,2,1,1244.0,319.0,26.0,20.0,118.38810408921933,90.53658536585365,2.4743494423791823,5.676274944567628
13,87,3,0,0.0,0.0,0.0,0.0,0.0,0.0,0.0,0.0
14,93,1,1,685.0,141.0,25.0,9.0,65.18959107806691,40.01773835920177,2.379182156133829,2.5543237250554323
14,93,2,1,720.0,269.0,45.0,17.0,68.52044609665427,76.34589800443459,4.282527881040892,4.824833702882484
14,93,3,1,1244.0,318.0,30.0,21.0,118.38810408921933,90.25277161862527,2.8550185873605947,5.960088691796009
15,100,1,1,677.0,142.0,25.0,9.0,64.42825278810409,40.30155210643016,2.379182156133829,2.5543237250554323
15,100,2,1,726.0,269.0,43.0,18.0,69.09144981412639,76.34589800443459,4.092193308550186,5.1086474501108645
15,100,3,1,1249.0,319.0,28.0,21.0,118.86394052044609,90.53658536585365,2.6646840148698883,5.960088691796009
16,106,1,1,675.0,141.0,26.0,13.0,64.23791821561338,40.01773835920177,2.4743494423791823,3.6895787139689578
16,106,2,1,730.0,270.0,43.0,17.0,69.4721189591078,76.62971175166297,4.092193308550186,4.824833702882484
16,106,3,1,1276.0,332.0,36.0,22.0,121.43345724907063,94.22616407982261,3.426022304832714,6.2439024390243905
17,112,1,1,669.0,142.0,23.0,11.0,63.66691449814127,40.30155210643016,2.1888475836431227,3.1219512195121952
17,112,2,1,734.0,270.0,40.0,16.0,69.85278810408921,76.62971175166297,3.806691449814126,4.541019955654102
17,112,3,1,1277.0,331.0,38.0,23.0,121.52862453531598,93.94235033259423,3.6163568773234203,6.527716186252771
18,119,1,1,666.0,144.0,22.0,11.0,63.381412639405205,40.869179600886916,2.0936802973977695,3.1219512195121952
18,119,2,1,737.0,270.0,44.0,19.0,70.13828996282528,76.62971175166297,4.187360594795539,5.392461197339246
18,119,3,1,1280.0,332.0,37.0,25.0,121.81412639405204,94.22616407982261,3.521189591078067,7.095343680709535
19,125,1,1,662.0,147.0,18.0,9.0,63.000743494423794,41.72062084257206,1.713011152416357,2.5543237250554323
19,125,2,1,740.0,271.0,43.0,17.0,70.42379182156134,76.91352549889135,4.092193308550186,4.824833702882484
19,125,3,1,1271.0,330.0,47.0,25.0,120.95762081784386,93.65853658536585,4.472862453531598,7.095343680709535
20,131,1,1,659.0,148.0,14.0,8.0,62.71524163568773,42.00443458980045,1.3323420074349441,2.270509977827051
20,131,2,1,743.0,272.0,45.0,16.0,70.70929368029739,77.19733924611974,4.282527881040892,4.541019955654102
20,131,3,1,1270.0,330.0,48.0,28.0,120.86245353159852,93.65853658536585,4.568029739776952,7.946784922394679
21,138,1,1,653.0,148.0,16.0,10.0,62.144237918215616,42.00443458980045,1.5226765799256505,2.838137472283814
21,138,2,1,748.0,272.0,43.0,18.0,71.18513011152416,77.19733924611974,4.092193308550186,5.1086474501108645
21,138,3,1,1287.0,338.0,34.0,20.0,122.48029739776952,95.9290465631929,3.2356877323420075,5.676274944567628
22,144,1,1,647.0,151.0,20.0,8.0,61.57323420074349,42.85587583148559,1.903345724907063,2.270509977827051
22,144,2,1,751.0,272.0,44.0,18.0,71.47063197026023,77.19733924611974,4.187360594795539,5.1086474501108645
22,144,3,1,1288.0,340.0,35.0,21.0,122.57546468401488,96.49667405764967,3.3308550185873607,5.960088691796009
23,151,1,1,641.0,152.0,25.0,8.0,61.002230483271376,43.13968957871397,2.379182156133829,2.270509977827051
23,151,2,1,757.0,272.0,41.0,19.0,72.04163568773234,77.19733924611974,3.9018587360594794,5.392461197339246
23,151,3,1,1294.0,342.0,31.0,21.0,123.14646840148698,97.06430155210643,2.950185873605948,5.960088691796009
24,157,1,1,637.0,152.0,25.0,11.0,60.621561338289965,43.13968957871397,2.379182156133829,3.1219512195121952
24,157,2,1,758.0,274.0,42.0,18.0,72.1368029739777,77.7649667405765,3.9970260223048326,5.1086474501108645
24,157,3,1,1301.0,344.0,25.0,18.0,123.81263940520446,97.63192904656319,2.379182156133829,5.1086474501108645
25,163,1,1,632.0,153.0,20.0,10.0,60.1457249070632,43.42350332594235,1.903345724907063,2.838137472283814
25,163,2,1,762.0,275.0,42.0,16.0,72.5174721189591,78.04878048780488,3.9970260223048326,4.541019955654102
25,163,3,1,1304.0,344.0,26.0,22.0,124.09814126394052,97.63192904656319,2.4743494423791823,6.2439024390243905
26,170,1,1,628.0,156.0,20.0,9.0,59.765055762081786,44.27494456762749,1.903345724907063,2.5543237250554323
26,170,2,1,767.0,274.0,42.0,18.0,72.99330855018587,77.7649667405765,3.9970260223048326,5.1086474501108645
26,170,3,1,1300.0,342.0,31.0,24.0,123.71747211895911,97.06430155210643,2.950185873605948,6.811529933481153
27,176,1,1,625.0,154.0,23.0,12.0,59.479553903345725,43.707317073170735,2.1888475836431227,3.4057649667405765
27,176,2,1,770.0,275.0,41.0,17.0,73.27881040892193,78.04878048780488,3.9018587360594794,4.824833702882484
27,176,3,1,1300.0,345.0,33.0,21.0,123.71747211895911,97.91574279379158,3.1405204460966543,5.960088691796009
28,182,1,1,621.0,155.0,19.0,11.0,59.09888475836431,43.991130820399114,1.8081784386617101,3.1219512195121952
28,182,2,1,773.0,275.0,43.0,19.0,73.564312267658,78.04878048780488,4.092193308550186,5.392461197339246
28,182,3,1,1306.0,345.0,30.0,20.0,124.28847583643123,97.91574279379158,2.8550185873605947,5.676274944567628
29,189,1,1,613.0,158.0,19.0,10.0,58.337546468401484,44.84257206208426,1.8081784386617101,2.838137472283814
29,189,2,1,776.0,275.0,43.0,19.0,73.84981412639405,78.04878048780488,4.092193308550186,5.392461197339246
29,189,3,1,1309.0,348.0,24.0,19.0,124.57397769516729,98.76718403547672,2.284014869888476,5.392461197339246
30,195,1,1,610.0,160.0,16.0,8.0,58.05204460966543,45.41019955654102,1.5226765799256505,2.270509977827051
30,195,2,1,780.0,277.0,45.0,18.0,74.23048327137546,78.61640798226163,4.282527881040892,5.1086474501108645
30,195,3,1,1306.0,347.0,30.0,22.0,124.28847583643123,98.48337028824834,2.8550185873605947,6.2439024390243905
31,202,1,1,605.0,163.0,15.0,6.0,57.57620817843866,46.26164079822616,1.4275092936802973,1.7028824833702882
31,202,2,1,783.0,276.0,45.0,18.0,74.51598513011153,78.33259423503326,4.282527881040892,5.1086474501108645
31,202,3,1,1308.0,350.0,29.0,18.0,124.47881040892193,99.33481152993348,2.7598513011152415,5.1086474501108645
32,208,1,1,602.0,164.0,17.0,8.0,57.2907063197026,46.54545454545455,1.6178438661710037,2.270509977827051
32,208,2,1,788.0,278.0,44.0,16.0,74.99182156133828,78.90022172949003,4.187360594795539,4.541019955654102
32,208,3,1,1308.0,351.0,31.0,19.0,124.47881040892193,99.61862527716187,2.950185873605948,5.392461197339246
33,214,1,1,594.0,164.0,23.0,9.0,56.52936802973978,46.54545454545455,2.1888475836431227,2.5543237250554323
33,214,2,1,793.0,277.0,43.0,20.0,75.46765799256505,78.61640798226163,4.092193308550186,5.676274944567628
33,214,3,0,0.0,0.0,0.0,0.0,0.0,0.0,0.0,0.0
34,221,1,1,589.0,166.0,31.0,16.0,56.05353159851301,47.113082039911305,2.950185873605948,4.541019955654102
34,221,2,1,795.0,278.0,44.0,18.0,75.65799256505576,78.90022172949003,4.187360594795539,5.1086474501108645
34,221,3,0,0.0,0.0,0.0,0.0,0.0,0.0,0.0,0.0
35,227,1,1,584.0,163.0,31.0,13.0,55.577695167286244,46.26164079822616,2.950185873605948,3.6895787139689578
35,227,2,1,799.0,277.0,43.0,20.0,76.03866171003718,78.61640798226163,4.092193308550186,5.676274944567628
35,227,3,0,0.0,0.0,0.0,0.0,0.0,0.0,0.0,0.0
36,233,1,1,582.0,167.0,19.0,10.0,55.38736059479554,47.39689578713969,1.8081784386617101,2.838137472283814
36,233,2,1,804.0,280.0,41.0,16.0,76.51449814126394,79.46784922394679,3.9018587360594794,4.541019955654102
36,233,3,0,0.0,0.0,0.0,0.0,0.0,0.0,0.0,0.0
37,240,1,1,576.0,166.0,22.0,13.0,54.81635687732342,47.113082039911305,2.0936802973977695,3.6895787139689578
37,240,2,1,807.0,279.0,42.0,19.0,76.8,79.1840354767184,3.9970260223048326,5.392461197339246
37,240,3,0,0.0,0.0,0.0,0.0,0.0,0.0,0.0,0.0
38,246,1,1,570.0,168.0,24.0,12.0,54.2453531598513,47.68070953436807,2.284014869888476,3.4057649667405765
38,246,2,1,811.0,281.0,42.0,16.0,77.18066914498141,79.75166297117516,3.9970260223048326,4.541019955654102
38,246,3,0,0.0,0.0,0.0,0.0,0.0,0.0,0.0,0.0
39,253,1,1,566.0,166.0,30.0,17.0,53.86468401486989,47.113082039911305,2.8550185873605947,4.824833702882484
39,253,2,1,816.0,281.0,42.0,17.0,77.65650557620818,79.75166297117516,3.9970260223048326,4.824833702882484
39,253,3,0,0.0,0.0,0.0,0.0,0.0,0.0,0.0,0.0
40,259,1,1,561.0,171.0,26.0,12.0,53.38884758364312,48.532150776053214,2.4743494423791823,3.4057649667405765
40,259,2,1,818.0,281.0,43.0,17.0,77.84684014869889,79.75166297117516,4.092193308550186,4.824833702882484
40,259,3,0,0.0,0.0,0.0,0.0,0.0,0.0,0.0,0.0
41,265,1,1,560.0,172.0,21.0,13.0,53.29368029739777,48.81596452328159,1.9985130111524163,3.6895787139689578
41,265,2,1,823.0,282.0,41.0,17.0,78.32267657992566,80.03547671840354,3.9018587360594794,4.824833702882484
41,265,3,1,1308.0,348.0,34.0,25.0,124.47881040892193,98.76718403547672,3.2356877323420075,7.095343680709535
42,272,1,1,553.0,174.0,21.0,11.0,52.6275092936803,49.38359201773836,1.9985130111524163,3.1219512195121952
42,272,2,1,826.0,280.0,44.0,19.0,78.60817843866171,79.46784922394679,4.187360594795539,5.392461197339246
42,272,3,0,0.0,0.0,0.0,0.0,0.0,0.0,0.0,0.0
43,278,1,1,549.0,175.0,20.0,11.0,52.24684014869889,49.66740576496674,1.903345724907063,3.1219512195121952
43,278,2,1,826.0,281.0,48.0,19.0,78.60817843866171,79.75166297117516,4.568029739776952,5.392461197339246
43,278,3,0,0.0,0.0,0.0,0.0,0.0,0.0,0.0,0.0
44,284,1,1,546.0,179.0,17.0,7.0,51.961338289962825,50.80266075388027,1.6178438661710037,1.9866962305986697
44,284,2,1,834.0,283.0,41.0,17.0,79.36951672862453,80.31929046563192,3.9018587360594794,4.824833702882484
44,284,3,0,0.0,0.0,0.0,0.0,0.0,0.0,0.0,0.0
45,291,1,1,538.0,180.0,18.0,8.0,51.2,51.08647450110865,1.713011152416357,2.270509977827051
45,291,2,1,837.0,282.0,44.0,19.0,79.6550185873606,80.03547671840354,4.187360594795539,5.392461197339246
45,291,3,0,0.0,0.0,0.0,0.0,0.0,0.0,0.0,0.0
46,297,1,1,535.0,179.0,20.0,11.0,50.91449814126394,50.80266075388027,1.903345724907063,3.1219512195121952
46,297,2,1,842.0,283.0,42.0,18.0,80.13085501858735,80.31929046563192,3.9970260223048326,5.1086474501108645
46,297,3,1,1308.0,351.0,36.0,25.0,124.47881040892193,99.61862527716187,3.426022304832714,7.095343680709535
47,304,1,1,530.0,182.0,21.0,8.0,50.438661710037174,51.65410199556541,1.9985130111524163,2.270509977827051
47,304,2,1,846.0,284.0,43.0,17.0,80.51152416356878,80.60310421286032,4.092193308550186,4.824833702882484
47,304,3,1,1308.0,352.0,33.0,25.0,124.47881040892193,99.90243902439025,3.1405204460966543,7.095343680709535
48,310,1,1,527.0,182.0,21.0,11.0,50.15315985130111,51.65410199556541,1.9985130111524163,3.1219512195121952
48,310,2,1,849.0,283.0,43.0,18.0,80.79702602230483,80.31929046563192,4.092193308550186,5.1086474501108645
48,310,3,1,1311.0,353.0,27.0,24.0,124.764312267658,100.18625277161863,2.5695167286245355,6.811529933481153
49,316,1,1,521.0,185.0,25.0,9.0,49.582156133828995,52.505543237250556,2.379182156133829,2.5543237250554323
49,316,2,1,853.0,283.0,42.0,19.0,81.17769516728625,80.31929046563192,3.9970260223048326,5.392461197339246
49,316,3,1,1307.0,350.0,34.0,29.0,124.38364312267657,99.33481152993348,3.2356877323420075,8.23059866962306
