bin_id,frame_number,target_id,visible,x,y,width,height,center_x,center_y
0,4,1,1,71.56579925650557,35.76053215077605,1.903345724907063,2.838137472283814,72.5174721189591,37.17960088691796
0,4,2,1,63.762081784386616,74.35920177383592,4.092193308550186,4.541019955654102,65.80817843866171,76.62971175166297
0,4,3,1,115.91375464684016,85.14412416851441,3.711524163568773,8.23059866962306,117.76951672862455,89.25942350332593
1,10,1,1,71.18513011152416,36.04434589800444,2.1888475836431227,2.5543237250554323,72.27955390334571,37.32150776053215
1,10,2,1,64.04758364312268,74.6430155210643,4.187360594795539,4.541019955654102,66.14126394052045,76.91352549889135
1,10,3,1,116.1992565055762,85.99556541019956,3.521189591078067,7.946784922394679,117.95985130111524,89.9689578713969
2,17,1,1,70.70929368029739,36.328159645232816,1.80817843866171,2.5543237250554323,71.61338289962825,37.60532150776053
2,17,2,1,64.42825278810409,74.92682926829268,4.187360594795539,4.25720620842572,66.52193308550186,77.05543237250554
2,17,3,1,116.38959107806691,87.13082039911308,3.521189591078067,7.095343680709535,118.15018587360595,90.67849223946784
3,23,1,1,70.23345724907063,36.6119733924612,1.427509293680297,2.5543237250554323,70.94721189591077,37.889135254988915
3,23,2,1,64.71375464684014,74.6430155210643,4.282527881040892,5.1086474501108645,66.85501858736059,77.19733924611972
3,23,3,1,116.57992565055764,85.99556541019956,3.90185873605948,8.23059866962306,118.53085501858737,90.11086474501109
4,29,1,1,69.94795539033457,36.89578713968958,1.9985130111524163,2.5543237250554323,70.94721189591078,38.172949002217294
4,29,2,1,65.18959107806691,75.21064301552106,3.9970260223048326,3.97339246119734,67.18810408921932,77.19733924611972
4,29,3,1,116.57992565055764,84.86031042128603,4.092193308550186,10.217294900221727,118.62602230483273,89.9689578713969
5,36,1,1,69.2817843866171,37.46341463414634,1.6178438661710035,2.270509977827051,70.0907063197026,38.59866962305986
5,36,2,1,65.47509293680298,75.21064301552106,4.187360594795539,4.541019955654102,67.56877323420075,77.4811529933481
5,36,3,1,116.96059479553904,87.41463414634147,3.521189591078067,7.095343680709535,118.72118959107807,90.96230598669624
6,42,1,1,68.71078066914498,37.17960088691796,2.1888475836431227,3.1219512195121952,69.80520446096654,38.74057649667406
6,42,2,1,65.85576208178439,74.92682926829268,4.092193308550186,4.824833702882484,67.90185873605948,77.33924611973391
6,42,3,1,116.86542750929368,86.8470066518847,3.806691449814126,8.23059866962306,118.76877323420075,90.96230598669622
7,48,1,1,68.23494423791821,37.46341463414634,2.6646840148698883,2.838137472283814,69.56728624535316,38.88248337028825
7,48,2,1,66.2364312267658,74.92682926829268,4.092193308550186,5.1086474501108645,68.28252788104089,77.4811529933481
7,48,3,1,117.24609665427508,87.41463414634147,3.61635687732342,7.946784922394679,119.05427509293679,91.3880266075388
8,55,1,1,67.94944237918216,37.747228381374725,1.903345724907063,2.5543237250554323,68.9011152416357,39.02439024390244
8,55,2,1,66.52193308550186,75.21064301552106,4.282527881040892,5.392461197339246,68.6631970260223,77.90687361419069
8,55,3,1,117.72193308550186,87.41463414634147,2.950185873605948,7.946784922394679,119.19702602230484,91.3880266075388
9,61,1,1,67.47360594795539,38.031042128603104,2.093680297397769,2.838137472283814,68.52044609665428,39.450110864745014
9,61,2,1,66.80743494423791,75.77827050997783,4.092193308550186,4.25720620842572,68.853531598513,77.90687361419069
9,61,3,1,117.6267657992565,87.98226164079823,3.1405204460966543,7.662971175166297,119.19702602230483,91.81374722838137
10,68,1,1,66.99776951672862,38.88248337028825,1.80817843866171,2.270509977827051,67.90185873605948,40.01773835920177
10,68,2,1,67.37843866171004,76.06208425720621,4.092193308550186,4.541019955654102,69.42453531598512,78.33259423503326
10,68,3,1,118.00743494423791,88.26607538802661,2.759851301115241,7.095343680709535,119.38736059479554,91.81374722838137
11,74,1,1,66.4267657992565,38.31485587583148,1.80817843866171,2.838137472283814,67.33085501858736,39.73392461197339
11,74,2,1,67.66394052044609,76.06208425720621,3.9970260223048326,4.541019955654102,69.6624535315985,78.33259423503326
11,74,3,1,118.10260223048328,89.40133037694014,2.8550185873605947,6.243902439024391,119.53011152416359,92.52328159645234
12,80,1,1,66.33159851301116,38.88248337028825,1.80817843866171,2.838137472283814,67.23568773234202,40.30155210643016
12,80,2,1,67.94944237918216,76.06208425720621,3.90185873605948,4.824833702882484,69.90037174721189,78.47450110864744
12,80,3,1,118.10260223048328,89.9689578713969,2.6646840148698883,5.676274944567628,119.43494423791823,92.80709534368071
13,87,1,1,65.66542750929368,39.73392461197339,1.80817843866171,2.5543237250554323,66.56951672862454,41.011086474501106
13,87,2,1,118.38810408921933,90.53658536585364,2.4743494423791823,5.676274944567628,119.62527881040891,93.37472283813746
13,87,3,0,0.0,0.0,0.0,0.0,,
14,93,1,1,65.18959107806691,40.01773835920177,2.379182156133829,2.5543237250554323,66.37918215613382,41.294900221729485
14,93,2,1,68.52044609665427,76.34589800443459,4.282527881040892,4.824833702882484,70.66171003717471,78.75831485587582
14,93,3,1,118.38810408921933,90.25277161862527,2.8550185873605947,5.960088691796009,119.81561338289963,93.23281596452328
15,100,1,1,64.42825278810409,40.30155210643016,2.379182156133829,2.5543237250554323,65.617843866171,41.57871396895787
15,100,2,1,69.09144981412639,76.34589800443459,4.092193308550186,5.1086474501108645,71.13754646840148,78.90022172949001
15,100,3,1,118.86394052044608,90.53658536585364,2.6646840148698883,5.960088691796009,120.19628252788102,93.51662971175165
16,106,1,1,64.23791821561338,40.01773835920177,2.4743494423791823,3.6895787139689578,65.47509293680297,41.86252771618625
16,106,2,1,69.4721189591078,76.62971175166297,4.092193308550186,4.824833702882484,71.51821561338289,79.0421286031042
16,106,3,1,121.43345724907064,94.2261640798226,3.426022304832714,6.243902439024391,123.146468401487,97.3481152993348
17,112,1,1,63.66691449814127,40.30155210643016,2.1888475836431227,3.1219512195121952,64.76133828996282,41.86252771618626
17,112,2,1,69.85278810408921,76.62971175166297,3.806691449814126,4.541019955654102,71.75613382899628,78.90022172949001
17,112,3,1,121.52862453531598,93.94235033259424,3.61635687732342,6.527716186252771,123.3368029739777,97.20620842572063
18,119,1,1,63.381412639405205,40.86917960088692,2.093680297397769,3.1219512195121952,64.42825278810409,42.43015521064302
18,119,2,1,70.13828996282528,76.62971175166297,4.187360594795539,5.392461197339246,72.23197026022305,79.3259423503326
18,119,3,1,121.81412639405204,94.2261640798226,3.521189591078067,7.095343680709535,123.57472118959107,97.77383592017736
19,125,1,1,63.000743494423794,41.72062084257206,1.713011152416357,2.5543237250554323,63.85724907063197,42.99778270509977
19,125,2,1,70.42379182156134,76.91352549889135,4.092193308550186,4.824833702882484,72.46988847583643,79.32594235033258
19,125,3,1,120.95762081784386,93.65853658536584,4.472862453531598,7.095343680709535,123.19405204460966,97.2062084257206
20,131,1,1,62.71524163568773,42.00443458980045,1.332342007434944,2.270509977827051,63.381412639405205,43.13968957871397
20,131,2,1,70.70929368029739,77.19733924611974,4.282527881040892,4.541019955654102,72.85055762081784,79.46784922394679
20,131,3,1,120.86245353159852,93.65853658536584,4.568029739776952,7.946784922394679,123.146468401487,97.63192904656317
21,138,1,1,62.144237918215616,42.00443458980045,1.5226765799256503,2.838137472283814,62.90557620817844,43.423503325942356
21,138,2,1,71.18513011152416,77.19733924611974,4.092193308550186,5.1086474501108645,73.23122676579925,79.75166297117516
21,138,3,1,122.48029739776952,95.9290465631929,3.2356877323420075,5.676274944567628,124.09814126394052,98.76718403547672
22,144,1,1,61.57323420074349,42.85587583148559,1.903345724907063,2.270509977827051,62.52490706319703,43.991130820399114
22,144,2,1,71.47063197026023,77.19733924611974,4.187360594795539,5.1086474501108645,73.564312267658,79.75166297117516
22,144,3,1,122.57546468401488,96.49667405764968,3.3308550185873607,5.960088691796009,124.24089219330855,99.4767184035477
23,151,1,1,61.002230483271376,43.13968957871397,2.379182156133829,2.270509977827051,62.19182156133829,44.27494456762749
23,151,2,1,72.04163568773234,77.19733924611974,3.90185873605948,5.392461197339246,73.99256505576207,79.89356984478937
23,151,3,1,123.14646840148698,97.06430155210644,2.950185873605948,5.960088691796009,124.62156133828996,100.04434589800445
24,157,1,1,60.621561338289965,43.13968957871397,2.379182156133829,3.1219512195121952,61.811152416356876,44.70066518847007
24,157,2,1,72.1368029739777,77.7649667405765,3.9970260223048326,5.1086474501108645,74.1353159851301,80.31929046563192
24,157,3,1,123.81263940520446,97.6319290465632,2.379182156133829,5.1086474501108645,125.00223048327138,100.18625277161863
25,163,1,1,60.1457249070632,43.42350332594235,1.903345724907063,2.838137472283814,61.09739776951673,44.84257206208426
25,163,2,1,72.5174721189591,78.04878048780488,3.9970260223048326,4.541019955654102,74.51598513011152,80.31929046563192
25,163,3,1,124.09814126394052,97.6319290465632,2.4743494423791823,6.243902439024391,125.33531598513011,100.7538802660754
26,170,1,1,59.765055762081786,44.27494456762749,1.903345724907063,2.5543237250554323,60.71672862453532,45.552106430155206
26,170,2,1,72.99330855018587,77.7649667405765,3.9970260223048326,5.1086474501108645,74.99182156133828,80.31929046563192
26,170,3,1,123.71747211895912,97.06430155210644,2.950185873605948,6.811529933481153,125.1925650557621,100.47006651884702
27,176,1,1,59.479553903345725,43.707317073170735,2.1888475836431227,3.4057649667405765,60.57397769516729,45.41019955654102
27,176,2,1,73.27881040892193,78.04878048780488,3.90185873605948,4.824833702882484,75.22973977695166,80.46119733924611
27,176,3,1,123.71747211895912,97.91574279379158,3.1405204460966543,5.960088691796009,125.28773234200744,100.89578713968959
28,182,1,1,59.09888475836431,43.99113082039912,1.80817843866171,3.1219512195121952,60.00297397769517,45.55210643015522
28,182,2,1,73.564312267658,78.04878048780488,4.092193308550186,5.392461197339246,75.61040892193309,80.7450110864745
28,182,3,1,124.28847583643125,97.91574279379158,2.8550185873605947,5.676274944567628,125.71598513011155,100.7538802660754
29,189,1,1,58.33754646840149,44.84257206208426,1.80817843866171,2.838137472283814,59.24163568773235,46.26164079822617
29,189,2,1,73.84981412639405,78.04878048780488,4.092193308550186,5.392461197339246,75.89591078066914,80.7450110864745
29,189,3,1,124.57397769516729,98.76718403547672,2.284014869888476,5.392461197339246,125.71598513011152,101.46341463414635
30,195,1,1,58.05204460966543,45.41019955654102,1.5226765799256503,2.270509977827051,58.81338289962825,46.54545454545455
30,195,2,1,74.23048327137546,78.61640798226163,4.282527881040892,5.1086474501108645,76.37174721189591,81.17073170731706
30,195,3,1,124.28847583643125,98.48337028824834,2.8550185873605947,6.243902439024391,125.71598513011155,101.60532150776054
31,202,1,1,57.57620817843866,46.26164079822616,1.427509293680297,1.7028824833702882,58.28996282527881,47.113082039911305
31,202,2,1,74.51598513011153,78.33259423503326,4.282527881040892,5.1086474501108645,76.65724907063198,80.88691796008868
31,202,3,1,124.47881040892192,99.33481152993348,2.759851301115241,5.1086474501108645,125.85873605947954,101.8891352549889
32,208,1,1,57.2907063197026,46.54545454545455,1.6178438661710035,2.270509977827051,58.0996282527881,47.68070953436807
32,208,2,1,74.99182156133828,78.90022172949003,4.187360594795539,4.541019955654102,77.08550185873605,81.17073170731707
32,208,3,1,124.47881040892192,99.61862527716188,2.950185873605948,5.392461197339246,125.9539033457249,102.31485587583151
33,214,1,1,56.52936802973978,46.54545454545455,2.1888475836431227,2.5543237250554323,57.62379182156134,47.82261640798226
33,214,2,1,75.46765799256505,78.61640798226163,4.092193308550186,5.676274944567628,77.51375464684014,81.45454545454545
33,214,3,0,0.0,0.0,0.0,0.0,,
34,221,1,1,56.05353159851301,47.113082039911305,2.950185873605948,4.541019955654102,57.528624535315984,49.38359201773836
34,221,2,1,75.65799256505576,78.90022172949003,4.187360594795539,5.1086474501108645,77.75167286245353,81.45454545454545
34,221,3,0,0.0,0.0,0.0,0.0,,
35,227,1,1,55.57769516728624,46.26164079822616,2.950185873605948,3.6895787139689578,57.05278810408921,48.10643015521064
35,227,2,1,76.03866171003718,78.61640798226163,4.092193308550186,5.676274944567628,78.08475836431226,81.45454545454545
35,227,3,0,0.0,0.0,0.0,0.0,,
36,233,1,1,55.38736059479554,47.39689578713969,1.80817843866171,2.838137472283814,56.291449814126395,48.8159645232816
36,233,2,1,76.51449814126394,79.46784922394679,3.90185873605948,4.541019955654102,78.46542750929368,81.73835920177383
36,233,3,0,0.0,0.0,0.0,0.0,,
37,240,1,1,54.81635687732342,47.113082039911305,2.093680297397769,3.6895787139689578,55.863197026022306,48.95787139689578
37,240,2,1,76.8,79.1840354767184,3.9970260223048326,5.392461197339246,78.79851301115241,81.88026607538804
37,240,3,0,0.0,0.0,0.0,0.0,,
38,246,1,1,54.2453531598513,47.68070953436807,2.284014869888476,3.4057649667405765,55.38736059479554,49.38359201773836
38,246,2,1,77.18066914498141,79.75166297117516,3.9970260223048326,4.541019955654102,79.17918215613382,82.02217294900221
38,246,3,0,0.0,0.0,0.0,0.0,,
39,253,1,1,53.86468401486989,47.113082039911305,2.8550185873605947,4.824833702882484,55.29219330855018,49.52549889135255
39,253,2,1,77.65650557620818,79.75166297117516,3.9970260223048326,4.824833702882484,79.65501858736059,82.1640798226164
39,253,3,0,0.0,0.0,0.0,0.0,,
40,259,1,1,53.38884758364312,48.532150776053214,2.4743494423791823,3.4057649667405765,54.62602230483271,50.2350332594235
40,259,2,1,77.84684014869889,79.75166297117516,4.092193308550186,4.824833702882484,79.89293680297398,82.1640798226164
40,259,3,0,0.0,0.0,0.0,0.0,,
41,265,1,1,53.29368029739777,48.81596452328159,1.9985130111524163,3.6895787139689578,54.292936802973976,50.66075388026607
41,265,2,1,78.32267657992566,80.03547671840354,3.90185873605948,4.824833702882484,80.27360594795539,82.44789356984478
41,265,3,1,124.47881040892192,98.76718403547672,3.2356877323420075,7.095343680709535,126.09665427509292,102.31485587583148
42,272,1,1,52.6275092936803,49.38359201773836,1.9985130111524163,3.1219512195121952,53.6267657992565,50.94456762749446
42,272,2,1,78.60817843866171,79.46784922394679,4.187360594795539,5.392461197339246,80.70185873605948,82.16407982261642
42,272,3,0,0.0,0.0,0.0,0.0,,
43,278,1,1,52.24684014869889,49.66740576496674,1.903345724907063,3.1219512195121952,53.19851301115242,51.22838137472284
43,278,2,1,78.60817843866171,79.75166297117516,4.568029739776952,5.392461197339246,80.89219330855019,82.4478935698448
43,278,3,0,0.0,0.0,0.0,0.0,,
44,284,1,1,51.961338289962825,50.80266075388027,1.6178438661710035,1.9866962305986695,52.770260223048325,51.7960088691796
44,284,2,1,79.36951672862453,80.31929046563192,3.90185873605948,4.824833702882484,81.32044609665427,82.73170731707316
44,284,3,0,0.0,0.0,0.0,0.0,,
45,291,1,1,51.2,51.08647450110865,1.713011152416357,2.270509977827051,52.05650557620818,52.22172949002217
45,291,2,1,79.6550185873606,80.03547671840354,4.187360594795539,5.392461197339246,81.74869888475837,82.73170731707317
45,291,3,0,0.0,0.0,0.0,0.0,,
46,297,1,1,50.91449814126394,50.80266075388027,1.903345724907063,3.1219512195121952,51.866171003717476,52.36363636363637
46,297,2,1,80.13085501858735,80.31929046563192,3.9970260223048326,5.1086474501108645,82.12936802973977,82.87361419068735
46,297,3,1,124.47881040892192,99.61862527716188,3.426022304832714,7.095343680709535,126.19182156133827,103.16629711751665
47,304,1,1,50.43866171003717,51.65410199556541,1.9985130111524163,2.270509977827051,51.43791821561337,52.789356984478935
47,304,2,1,80.51152416356878,80.60310421286032,4.092193308550186,4.824833702882484,82.55762081784387,83.01552106430155
47,304,3,1,124.47881040892192,99.90243902439023,3.1405204460966543,7.095343680709535,126.04907063197024,103.450110864745
48,310,1,1,50.15315985130111,51.65410199556541,1.9985130111524163,3.1219512195121952,51.15241635687732,53.21507760532151
48,310,2,1,80.79702602230483,80.31929046563192,4.092193308550186,5.1086474501108645,82.84312267657992,82.87361419068735
48,310,3,1,124.764312267658,100.18625277161864,2.5695167286245355,6.811529933481153,126.04907063197027,103.59201773835922
49,316,1,1,49.582156133829,52.50554323725056,2.379182156133829,2.5543237250554323,50.771747211895914,53.782705099778276
49,316,2,1,81.17769516728625,80.31929046563192,3.9970260223048326,5.392461197339246,83.17620817843866,83.01552106430155
49,316,3,1,124.38364312267656,99.33481152993348,3.2356877323420075,8.23059866962306,126.00148698884756,103.450110864745
