sequence,group_id,track_id,x,y,confidence
ship_045,1,1,68.0,36.0,0.8519846200942993
ship_045,1,2,67.0,75.0,0.92372864484787
ship_045,1,3,116.0,91.0,0.5821020603179932
ship_045,2,1,67.0,38.0,0.8394709825515747
ship_045,2,2,67.0,76.0,0.8885158896446228
ship_045,2,3,116.0,90.0,0.5394634008407593
ship_045,3,1,62.0,43.0,0.8058663606643677
ship_045,3,2,69.0,76.0,0.8222918510437012
ship_045,3,3,117.0,91.0,0.5368393063545227
ship_045,4,1,60.0,43.0,0.8925034999847412
ship_045,4,2,73.0,76.0,0.8404850959777832
ship_045,4,3,125.0,99.0,0.8208217024803162
ship_045,5,1,59.0,43.0,0.9611960649490356
ship_045,5,2,75.0,78.0,0.8108668923377991
ship_045,5,3,125.0,100.0,0.8635299801826477
ship_045,6,1,59.0,44.0,0.8686230182647705
ship_045,6,2,75.0,77.0,0.890248715877533
ship_045,6,3,125.0,100.0,0.9352755546569824
ship_045,7,1,55.0,45.0,0.8208484053611755
ship_045,7,2,76.0,81.0,0.7142568826675415
ship_045,7,3,125.0,99.0,0.7525519728660583
ship_045,8,1,52.0,51.0,0.9166136384010316
ship_045,8,2,79.0,82.0,0.6926062703132629
ship_045,8,3,125.0,100.0,0.7321216464042664
ship_045,9,1,51.0,52.0,0.9503415822982788
ship_045,9,2,82.0,83.0,0.7513254284858704
ship_045,9,3,125.0,100.0,0.7303416728973389
