bin_id,prediction_x,prediction_y,score
5,69,37,0.765625
6,69,41,0.765625
6,65,77,0.765625
7,73,37,0.765625
7,69,77,0.765625
8,70,41,0.875
8,69,81,0.765625
10,69,37,0.765625
11,66,41,0.875
11,69,77,0.765625
14,66,45,0.875
14,65,77,0.765625
15,66,41,0.875
15,69,81,0.765625
16,65,81,0.765625
17,73,81,0.765625
19,65,42,0.875
21,61,45,0.765625
21,69,77,0.765625
23,73,78,0.875
23,62,42,0.78125
24,61,45,0.765625
25,126,126,1.0
25,73,81,0.765625
26,62,49,0.875
26,77,81,0.765625
27,61,45,0.765625
27,69,81,0.765625
28,73,85,0.765625
29,58,46,0.984375
29,73,81,0.765625
31,77,82,0.875
33,61,49,0.765625
34,57,49,0.765625
35,126,101,0.875
35,57,53,0.765625
35,77,81,0.765625
36,126,105,0.875
37,81,82,0.875
37,57,49,0.765625
38,53,53,0.765625
38,73,81,0.765625
39,53,49,0.765625
40,0,0,1.0
40,0,126,1.0
40,21,0,0.875
40,61,53,0.765625
41,0,6,1.0
41,0,18,1.0
41,0,23,1.0
41,0,28,1.0
41,0,33,1.0
42,58,94,1.0
42,66,126,1.0
42,71,126,1.0
42,65,0,0.875
42,57,14,0.875
43,98,126,1.0
43,77,126,0.875
43,53,53,0.765625
43,85,73,0.765625
43,77,85,0.765625
44,81,81,0.765625
45,81,85,0.765625
46,53,53,0.765625
47,57,53,0.765625
48,53,50,0.78125
49,49,57,0.765625
49,77,81,0.765625
