sequence,group,gt_x,gt_y,pred_x,pred_y,gt_peak,pred_peak,center_error_px
045,0,71,36,69,36,1.0,0.9074459075927734,2.0
045,1,68,37,67,75,1.0,0.9237286448478699,38.01315561749642
045,2,66,38,67,76,1.0,0.8885158896446228,38.01315561749642
045,3,64,40,69,76,1.0,0.8222918510437012,36.345563690772494
045,4,62,42,60,43,1.0,0.8925034999847412,2.23606797749979
045,5,60,43,59,43,1.0,0.9611960649490356,1.0
045,6,58,45,125,100,1.0,0.9352755546569824,86.68333173107735
045,7,56,46,55,45,1.0,0.8208484053611755,1.4142135623730951
045,8,53,49,52,51,1.0,0.9166136384010315,2.23606797749979
045,9,51,51,51,52,1.0,0.9503415822982788,1.0
047,0,22,28,20,29,1.0,0.6728293299674988,2.23606797749979
047,1,21,31,20,35,1.0,0.5765838027000427,4.123105625617661
047,2,20,33,0,126,1.0,0.7753124237060547,95.12623192369179
047,3,20,37,19,41,1.0,0.5315498113632202,4.123105625617661
047,4,19,40,19,43,1.0,0.6256164312362671,3.0
047,5,18,43,0,126,1.0,0.7438355684280396,84.92938243034621
047,6,17,49,26,126,1.0,0.5887703895568848,77.52418977325722
047,7,16,53,0,126,1.0,0.7000852823257446,74.73285756613352
047,8,16,55,34,126,1.0,0.5437763333320618,73.24616030891995
047,9,15,58,13,59,1.0,0.6571589708328247,2.23606797749979
