sequence,bin_id,peak_rank,x,y,score,matched,center_error
ship_045,0,1,68,78,0.6953099966049194,True,2.58491230804412
ship_045,0,2,73,39,0.6824058294296265,True,1.8832647415835335
ship_045,0,3,88,25,0.6480252742767334,False,
ship_045,0,4,36,92,0.5942780375480652,False,
ship_045,0,5,49,85,0.5940800905227661,False,
ship_045,0,6,118,93,0.5904091000556946,True,3.7476706186449147
ship_045,0,7,117,6,0.580208420753479,False,
ship_045,0,8,36,81,0.5656242966651917,False,
ship_045,0,9,13,111,0.5280798673629761,False,
ship_045,0,10,127,2,0.5176496505737305,False,
ship_045,1,1,71,40,0.7189534902572632,True,2.968430371165333
ship_045,1,2,67,80,0.6968647241592407,True,3.203709173106134
ship_045,1,3,49,85,0.6439385414123535,False,
ship_045,1,4,118,89,0.596433162689209,True,0.9697892939005577
ship_045,1,5,87,26,0.5949768424034119,False,
ship_045,1,6,36,92,0.5827716588973999,False,
ship_045,1,7,117,7,0.5475161671638489,False,
ship_045,1,8,37,77,0.5005216002464294,False,
ship_045,1,9,127,127,0.49792155623435974,False,
ship_045,1,10,14,110,0.4496220350265503,False,
ship_045,2,1,71,40,0.7398672699928284,True,2.471987795833682
ship_045,2,2,67,79,0.7150081396102905,True,2.002471281351427
ship_045,2,3,119,94,0.6484540700912476,True,3.4284979003485225
ship_045,2,4,48,85,0.6328936815261841,False,
ship_045,2,5,36,93,0.6267150044441223,False,
ship_045,2,6,116,8,0.6128093600273132,False,
ship_045,2,7,88,26,0.5857340097427368,False,
ship_045,2,8,13,112,0.5481089353561401,False,
ship_045,2,9,37,79,0.5304980874061584,False,
ship_045,2,10,127,6,0.5293554067611694,False,
ship_045,3,1,70,42,0.7462272047996521,True,4.218580250218067
ship_045,3,2,67,80,0.7443892955780029,True,2.8064081868736896
ship_045,3,3,119,94,0.7113559246063232,True,3.9173294532349896
ship_045,3,4,95,22,0.6455013751983643,False,
ship_045,3,5,53,82,0.6450245976448059,False,
ship_045,3,6,37,89,0.6303675174713135,False,
ship_045,3,7,116,7,0.6282322406768799,False,
ship_045,3,8,13,111,0.609613299369812,False,
ship_045,3,9,127,127,0.5888237357139587,False,
ship_045,3,10,124,6,0.5836221575737,False,
ship_045,4,1,70,41,0.7640191912651062,True,2.9815143333244425
ship_045,4,2,69,77,0.7462418079376221,True,1.8226106467270626
ship_045,4,3,36,92,0.7070512771606445,False,
ship_045,4,4,118,93,0.6778057217597961,True,3.095015397621621
ship_045,4,5,93,25,0.6635633111000061,False,
ship_045,4,6,50,86,0.6451882123947144,False,
ship_045,4,7,116,6,0.6396530270576477,False,
ship_045,4,8,16,110,0.63677978515625,False,
ship_045,4,9,127,124,0.6297100186347961,False,
ship_045,4,10,36,79,0.6218451857566833,False,
ship_045,5,1,70,42,0.7508105635643005,True,3.4025396352621273
ship_045,5,2,68,79,0.7486950159072876,True,1.5788770544779942
ship_045,5,3,118,94,0.7193734049797058,True,3.122130577785126
ship_045,5,4,127,127,0.6613112092018127,False,
ship_045,5,5,36,92,0.6452006101608276,False,
ship_045,5,6,16,111,0.6302347183227539,False,
ship_045,5,7,49,86,0.5991929769515991,False,
ship_045,5,8,93,25,0.5903918743133545,False,
ship_045,5,9,116,80,0.5702847838401794,False,
ship_045,5,10,116,5,0.567673921585083,False,
ship_045,6,1,68,79,0.7510451674461365,True,1.6636511528883398
ship_045,6,2,70,41,0.7483976483345032,True,2.2678050774722696
ship_045,6,3,127,127,0.727771520614624,False,
ship_045,6,4,119,93,0.6922844052314758,True,2.050771247378907
ship_045,6,5,52,82,0.6387287378311157,False,
ship_045,6,6,93,24,0.6125712394714355,False,
ship_045,6,7,16,110,0.5758678913116455,False,
ship_045,6,8,35,79,0.5621165037155151,False,
ship_045,6,9,36,93,0.5574612021446228,False,
ship_045,6,10,116,6,0.5515512228012085,False,
ship_045,7,1,68,82,0.7587392926216125,True,4.527670512867766
ship_045,7,2,69,40,0.7486164569854736,True,1.253258593367385
ship_045,7,3,119,94,0.6995019912719727,True,2.612537232010013
ship_045,7,4,127,127,0.6792919635772705,False,
ship_045,7,5,16,110,0.6677207350730896,False,
ship_045,7,6,36,92,0.6638002991676331,False,
ship_045,7,7,50,85,0.6489589214324951,False,
ship_045,7,8,113,81,0.6303772330284119,False,
ship_045,7,9,82,24,0.6135638952255249,False,
ship_045,7,10,37,79,0.6116836667060852,False,
ship_045,8,1,69,80,0.7647069096565247,True,2.120050544268079
ship_045,8,2,70,41,0.7436779141426086,True,2.260659554323306
ship_045,8,3,119,94,0.6791602969169617,True,2.6193938719464303
ship_045,8,4,127,125,0.6767445206642151,False,
ship_045,8,5,16,111,0.6352852582931519,False,
ship_045,8,6,36,92,0.6271713376045227,False,
ship_045,8,7,49,85,0.6219096183776855,False,
ship_045,8,8,119,82,0.6131988167762756,False,
ship_045,8,9,36,82,0.608260989189148,False,
ship_045,8,10,91,68,0.5876859426498413,False,
ship_045,9,1,69,80,0.7654837369918823,True,2.0982447568397053
ship_045,9,2,70,40,0.7479247450828552,True,1.578435242250066
ship_045,9,3,117,94,0.6826408505439758,True,3.09945552058659
ship_045,9,4,127,127,0.664336621761322,False,
ship_045,9,5,16,111,0.6528658270835876,False,
ship_045,9,6,117,81,0.651965320110321,False,
ship_045,9,7,58,81,0.6435284614562988,False,
ship_045,9,8,48,84,0.6162396669387817,False,
ship_045,9,9,36,92,0.6063492894172668,False,
ship_045,9,10,37,79,0.5970770716667175,False,
ship_045,10,1,68,42,0.760872483253479,True,1.9846896281957858
ship_045,10,2,69,82,0.7568976283073425,True,3.6918958922794536
ship_045,10,3,118,94,0.6954926252365112,True,2.5892992491022655
ship_045,10,4,127,125,0.6887252926826477,False,
ship_045,10,5,16,111,0.65113765001297,False,
ship_045,10,6,48,84,0.6428662538528442,False,
ship_045,10,7,93,24,0.6098340153694153,False,
ship_045,10,8,37,81,0.5945175290107727,False,
ship_045,10,9,36,91,0.5896645188331604,False,
ship_045,10,10,79,25,0.583280086517334,False,
ship_045,11,1,68,42,0.7686789631843567,True,2.3628061008829446
ship_045,11,2,69,79,0.7475285530090332,True,0.940359046661525
ship_045,11,3,76,43,0.7243189215660095,False,
ship_045,11,4,127,125,0.7014371156692505,False,
ship_045,11,5,119,93,0.6775230765342712,True,0.712936648189778
ship_045,11,6,58,81,0.6440054774284363,False,
ship_045,11,7,117,81,0.6394971609115601,False,
ship_045,11,8,91,67,0.6355633735656738,False,
ship_045,11,9,15,110,0.633478045463562,False,
ship_045,11,10,87,37,0.6279897689819336,False,
ship_045,12,1,69,82,0.7634835839271545,True,3.638655207093067
ship_045,12,2,68,41,0.7526895999908447,True,1.0353756335382056
ship_045,12,3,121,96,0.695834755897522,True,3.555845846317121
ship_045,12,4,127,125,0.6752215027809143,False,
ship_045,12,5,57,80,0.6443220376968384,False,
ship_045,12,6,16,112,0.6351527571678162,False,
ship_045,12,7,88,36,0.6305115222930908,False,
ship_045,12,8,92,67,0.6269347667694092,False,
ship_045,12,9,113,79,0.5983278751373291,False,
ship_045,12,10,17,63,0.5980953574180603,False,
ship_045,13,1,69,80,0.7659242749214172,False,
ship_045,13,2,68,42,0.7650244832038879,True,1.7390320154038867
ship_045,13,3,127,124,0.6893854737281799,False,
ship_045,13,4,120,95,0.685451865196228,True,1.6679154123637434
ship_045,13,5,90,70,0.6402251720428467,False,
ship_045,13,6,51,58,0.6280407905578613,False,
ship_045,13,7,16,112,0.6093106865882874,False,
ship_045,13,8,46,76,0.6045835614204407,False,
ship_045,13,9,87,37,0.6030251979827881,False,
ship_045,13,10,40,58,0.6000375151634216,False,
ship_045,14,1,67,45,0.7634754180908203,True,3.7567511445666546
ship_045,14,2,69,82,0.7570458650588989,True,3.6427740557551154
ship_045,14,3,121,96,0.7056728005409241,True,3.0099965357062577
ship_045,14,4,127,124,0.6871005892753601,False,
ship_045,14,5,117,81,0.6426239013671875,False,
ship_045,14,6,86,36,0.6407039165496826,False,
ship_045,14,7,91,70,0.630251944065094,False,
ship_045,14,8,57,80,0.6133951544761658,False,
ship_045,14,9,83,25,0.611590564250946,False,
ship_045,14,10,32,23,0.6018739342689514,False,
ship_045,15,1,67,44,0.7685186266899109,True,2.788006747194288
ship_045,15,2,71,79,0.756218433380127,True,0.1699256726798038
ship_045,15,3,120,95,0.6778026819229126,True,1.496300184725433
ship_045,15,4,127,125,0.6737716794013977,False,
ship_045,15,5,32,21,0.6408630013465881,False,
ship_045,15,6,119,82,0.6352084279060364,False,
ship_045,15,7,85,36,0.6137697100639343,False,
ship_045,15,8,56,66,0.6120073199272156,False,
ship_045,15,9,91,70,0.606370747089386,False,
ship_045,15,10,50,86,0.5887459516525269,False,
ship_045,16,1,66,44,0.7634842395782471,True,2.2009805062894365
ship_045,16,2,70,79,0.7571321725845337,True,1.518800009191172
ship_045,16,3,127,125,0.6730816960334778,False,
ship_045,16,4,121,96,0.6632726192474365,True,2.5347073714499455
ship_045,16,5,86,36,0.6392654180526733,False,
ship_045,16,6,56,66,0.6034481525421143,False,
ship_045,16,7,82,25,0.5954020619392395,False,
ship_045,16,8,50,85,0.5850904583930969,False,
ship_045,16,9,88,44,0.5844023823738098,False,
ship_045,16,10,31,22,0.582339346408844,False,
ship_045,17,1,71,79,0.7555501461029053,True,0.7626887114796866
ship_045,17,2,65,43,0.7549794316291809,True,1.162240340154446
ship_045,17,3,127,127,0.6747416257858276,False,
ship_045,17,4,124,100,0.664201557636261,True,2.8714285043927554
ship_045,17,5,77,10,0.6227157115936279,False,
ship_045,17,6,19,74,0.6166439056396484,False,
ship_045,17,7,56,67,0.6123113632202148,False,
ship_045,17,8,84,36,0.606092631816864,False,
ship_045,17,9,11,66,0.6049786806106567,False,
ship_045,17,10,32,23,0.5985828638076782,False,
ship_045,18,1,65,45,0.7664981484413147,True,2.6326786958715562
ship_045,18,2,71,82,0.7630397081375122,True,2.944203633551662
ship_045,18,3,119,94,0.6983196139335632,True,5.930422541009577
ship_045,18,4,77,10,0.6969767212867737,False,
ship_045,18,5,127,125,0.6737265586853027,False,
ship_045,18,6,17,77,0.6337233781814575,False,
ship_045,18,7,11,66,0.6300877332687378,False,
ship_045,18,8,86,37,0.6051998734474182,False,
ship_045,18,9,55,67,0.6048804521560669,False,
ship_045,18,10,28,76,0.6013280749320984,False,
ship_045,19,1,65,44,0.7733042240142822,True,1.5199734184414604
ship_045,19,2,73,79,0.7541778087615967,True,0.6222994807898797
ship_045,19,3,77,10,0.711212694644928,False,
ship_045,19,4,127,127,0.6691752672195435,False,
ship_045,19,5,5,70,0.668968141078949,False,
ship_045,19,6,124,102,0.6688007116317749,True,4.861068788284116
ship_045,19,7,17,77,0.6643028855323792,False,
ship_045,19,8,28,76,0.6473926305770874,False,
ship_045,19,9,105,7,0.6376751065254211,False,
ship_045,19,10,53,36,0.6216963529586792,False,
ship_045,20,1,64,45,0.7649954557418823,True,1.9604604526062346
ship_045,20,2,71,82,0.7493500113487244,True,3.1362957546497228
ship_045,20,3,17,67,0.688951849937439,False,
ship_045,20,4,78,10,0.6887962818145752,False,
ship_045,20,5,8,70,0.6825588941574097,False,
ship_045,20,6,120,95,0.6784915924072266,True,4.102110908751625
ship_045,20,7,55,35,0.6691830158233643,False,
ship_045,20,8,17,77,0.6690528988838196,False,
ship_045,20,9,106,8,0.6558039784431458,False,
ship_045,20,10,94,47,0.6456499695777893,False,
ship_045,21,1,63,43,0.755168616771698,True,0.43390196997271063
ship_045,21,2,73,80,0.7418988347053528,True,0.3393185776044806
ship_045,21,3,78,10,0.7006205916404724,False,
ship_045,21,4,51,58,0.6965953707695007,False,
ship_045,21,5,18,68,0.6951625347137451,False,
ship_045,21,6,18,42,0.6900691390037537,False,
ship_045,21,7,127,127,0.6898561120033264,False,
ship_045,21,8,106,8,0.6879528164863586,False,
ship_045,21,9,94,47,0.6869654059410095,False,
ship_045,21,10,44,125,0.6860020160675049,False,
ship_045,22,1,71,81,0.7657961845397949,True,2.852024323808707
ship_045,22,2,64,47,0.7628978490829468,True,3.350998793219438
ship_045,22,3,113,10,0.7201136946678162,False,
ship_045,22,4,38,70,0.7187552452087402,False,
ship_045,22,5,124,102,0.7185820937156677,True,2.5347542413007043
ship_045,22,6,45,56,0.7180134057998657,False,
ship_045,22,7,29,124,0.7160893678665161,False,
ship_045,22,8,104,127,0.7123148441314697,False,
ship_045,22,9,83,125,0.7119448781013489,False,
ship_045,22,10,90,5,0.7011711001396179,False,
ship_045,23,1,64,47,0.7826743125915527,True,3.270387802011257
ship_045,23,2,73,82,0.7658700346946716,True,2.328568957256935
ship_045,23,3,97,125,0.7269084453582764,False,
ship_045,23,4,38,70,0.7245966196060181,False,
ship_045,23,5,110,34,0.7240161895751953,False,
ship_045,23,6,37,125,0.7148829698562622,False,
ship_045,23,7,83,125,0.7148337364196777,False,
ship_045,23,8,54,58,0.7123436331748962,False,
ship_045,23,9,69,123,0.7110192179679871,False,
ship_045,23,10,101,40,0.7107911109924316,False,
ship_045,24,1,63,47,0.7714714407920837,True,2.5884936068392133
ship_045,24,2,73,80,0.7446131706237793,True,1.179359481894894
ship_045,24,3,39,70,0.7315047979354858,False,
ship_045,24,4,102,127,0.7259085178375244,False,
ship_045,24,5,93,125,0.7214255332946777,False,
ship_045,24,6,86,125,0.7177889347076416,False,
ship_045,24,7,73,123,0.7155806422233582,False,
ship_045,24,8,112,67,0.7136258482933044,False,
ship_045,24,9,120,79,0.7102591395378113,False,
ship_045,24,10,80,117,0.7084116339683533,False,
ship_045,25,1,63,46,0.7659261226654053,True,2.2270012750126105
ship_045,25,2,73,81,0.7458650469779968,True,1.661799140961036
ship_045,25,3,83,125,0.7291565537452698,False,
ship_045,25,4,125,102,0.724396824836731,True,1.2904461248576378
ship_045,25,5,104,28,0.71773761510849,False,
ship_045,25,6,35,69,0.7164608836174011,False,
ship_045,25,7,121,44,0.7163623571395874,False,
ship_045,25,8,93,125,0.7159432172775269,False,
ship_045,25,9,110,36,0.7121057510375977,False,
ship_045,25,10,106,43,0.7092234492301941,False,
ship_045,26,1,62,47,0.7687305808067322,True,1.934730268715748
ship_045,26,2,75,80,0.7434806823730469,True,0.31939519142027417
ship_045,26,3,125,102,0.7276086211204529,True,1.5420044609058492
ship_045,26,4,109,35,0.7225827574729919,False,
ship_045,26,5,102,30,0.7179924249649048,False,
ship_045,26,6,116,76,0.7101455330848694,False,
ship_045,26,7,73,127,0.708727240562439,False,
ship_045,26,8,110,127,0.7023306488990784,False,
ship_045,26,9,72,97,0.6988915801048279,False,
ship_045,26,10,125,127,0.6957037448883057,False,
ship_045,27,1,62,48,0.7629726529121399,True,2.956451581003943
ship_045,27,2,75,82,0.7521704435348511,True,1.5558579606946912
ship_045,27,3,125,102,0.720875084400177,True,1.1410854225306666
ship_045,27,4,109,36,0.7162011861801147,False,
ship_045,27,5,75,127,0.7126219272613525,False,
ship_045,27,6,116,75,0.7073460817337036,False,
ship_045,27,7,51,65,0.678356409072876,False,
ship_045,27,8,96,85,0.6774967908859253,False,
ship_045,27,9,58,66,0.6723944544792175,False,
ship_045,27,10,67,125,0.6713576912879944,False,
ship_045,28,1,75,81,0.7604811191558838,True,0.6615273221843707
ship_045,28,2,60,50,0.75766921043396,True,4.44789456408421
ship_045,28,3,125,101,0.7146776914596558,True,0.7571060889782666
ship_045,28,4,81,125,0.7047585248947144,False,
ship_045,28,5,117,80,0.6855762600898743,False,
ship_045,28,6,57,66,0.6822432279586792,False,
ship_045,28,7,114,37,0.6763173341751099,False,
ship_045,28,8,101,58,0.6583590507507324,False,
ship_045,28,9,17,124,0.6558306813240051,False,
ship_045,28,10,92,127,0.6474407911300659,False,
ship_045,29,1,60,48,0.7657071352005005,True,1.8965782727092875
ship_045,29,2,75,81,0.7632090449333191,True,0.9314909945566308
ship_045,29,3,125,102,0.71807461977005,True,0.8947393818252939
ship_045,29,4,127,127,0.7001529932022095,False,
ship_045,29,5,76,125,0.6709418892860413,False,
ship_045,29,6,104,42,0.666721761226654,False,
ship_045,29,7,59,67,0.6660889387130737,False,
ship_045,29,8,46,62,0.6649577021598816,False,
ship_045,29,9,112,71,0.6534720063209534,False,
ship_045,29,10,118,78,0.6503234505653381,False,
ship_045,30,1,64,47,0.7730309367179871,True,5.206496760405846
ship_045,30,2,75,83,0.7481527328491211,True,2.286462967108664
ship_045,30,3,125,101,0.702115535736084,True,0.9375760418751852
ship_045,30,4,62,68,0.6635386347770691,False,
ship_045,30,5,118,77,0.6624982357025146,False,
ship_045,30,6,125,127,0.6538563370704651,False,
ship_045,30,7,46,63,0.616960346698761,False,
ship_045,30,8,116,54,0.6141825914382935,False,
ship_045,30,9,80,127,0.6104809045791626,False,
ship_045,30,10,101,29,0.6104738712310791,False,
ship_045,31,1,58,50,0.7689594626426697,True,2.9014433905086525
ship_045,31,2,76,82,0.7625340819358826,True,1.2926437902298298
ship_045,31,3,124,101,0.7105568647384644,True,2.060451707872258
ship_045,31,4,87,28,0.6565806269645691,False,
ship_045,31,5,57,66,0.6512078642845154,False,
ship_045,31,6,127,125,0.6448642015457153,False,
ship_045,31,7,74,127,0.6138167977333069,False,
ship_045,31,8,116,78,0.6067934036254883,False,
ship_045,31,9,112,41,0.5927334427833557,False,
ship_045,31,10,109,72,0.5921367406845093,False,
ship_045,32,1,60,49,0.7717295289039612,True,2.313426054644609
ship_045,32,2,77,83,0.7527356743812561,True,1.8312654243616424
ship_045,32,3,125,101,0.715208888053894,True,1.6244314596786789
ship_045,32,4,127,125,0.6416366696357727,False,
ship_045,32,5,110,41,0.6289401054382324,False,
ship_045,32,6,60,68,0.6157947182655334,False,
ship_045,32,7,96,39,0.6141008734703064,False,
ship_045,32,8,79,28,0.6047361493110657,False,
ship_045,32,9,88,28,0.6020122766494751,False,
ship_045,32,10,111,74,0.5956240892410278,False,
ship_045,33,1,58,50,0.7697356343269348,True,2.209645197834307
ship_045,33,2,77,83,0.7576766610145569,True,1.628610938565733
ship_045,33,3,127,104,0.7005144357681274,False,
ship_045,33,4,109,40,0.6446086168289185,False,
ship_045,33,5,127,125,0.6366117596626282,False,
ship_045,33,6,59,67,0.627841055393219,False,
ship_045,33,7,87,28,0.6180638074874878,False,
ship_045,33,8,94,37,0.6118515729904175,False,
ship_045,33,9,118,81,0.5851325392723083,False,
ship_045,33,10,117,127,0.5688688158988953,False,
ship_045,34,1,77,83,0.761859118938446,True,1.718558071237398
ship_045,34,2,58,51,0.7593714594841003,True,1.683736794699582
ship_045,34,3,125,101,0.7012535929679871,False,
ship_045,34,4,127,127,0.6251360774040222,False,
ship_045,34,5,57,80,0.6130824089050293,False,
ship_045,34,6,39,73,0.6101540923118591,False,
ship_045,34,7,112,42,0.6092596650123596,False,
ship_045,34,8,92,38,0.6012482047080994,False,
ship_045,34,9,118,83,0.57680743932724,False,
ship_045,34,10,104,44,0.5708734393119812,False,
ship_045,35,1,77,84,0.7762501239776611,True,2.7669549240854345
ship_045,35,2,58,51,0.7653998136520386,True,3.0446603788319715
ship_045,35,3,125,102,0.717903733253479,False,
ship_045,35,4,127,125,0.661379873752594,False,
ship_045,35,5,57,68,0.5848067998886108,False,
ship_045,35,6,40,74,0.5824503302574158,False,
ship_045,35,7,76,35,0.5791646838188171,False,
ship_045,35,8,114,77,0.5781768560409546,False,
ship_045,35,9,92,38,0.5655271410942078,False,
ship_045,35,10,40,3,0.5629283785820007,False,
ship_045,36,1,78,83,0.7631085515022278,True,1.3447528658292853
ship_045,36,2,57,50,0.7506586909294128,True,1.379849041029231
ship_045,36,3,125,101,0.710024356842041,False,
ship_045,36,4,127,127,0.6556469202041626,False,
ship_045,36,5,40,2,0.6185439825057983,False,
ship_045,36,6,74,42,0.6036428213119507,False,
ship_045,36,7,58,68,0.588141143321991,False,
ship_045,36,8,15,127,0.5755444169044495,False,
ship_045,36,9,51,81,0.5681636333465576,False,
ship_045,36,10,49,72,0.5668731927871704,False,
ship_045,37,1,77,84,0.7688605189323425,True,2.7799138408294857
ship_045,37,2,56,52,0.7527642846107483,True,3.045203029604752
ship_045,37,3,127,105,0.712089478969574,False,
ship_045,37,4,127,125,0.702701210975647,False,
ship_045,37,5,31,127,0.6562241911888123,False,
ship_045,37,6,8,127,0.649383544921875,False,
ship_045,37,7,44,127,0.62115079164505,False,
ship_045,37,8,39,3,0.6026819348335266,False,
ship_045,37,9,40,85,0.5923177003860474,False,
ship_045,37,10,50,72,0.5873332023620605,False,
ship_045,38,1,77,86,0.7602800130844116,True,4.5356303770547495
ship_045,38,2,60,51,0.7441511750221252,True,4.88765966977695
ship_045,38,3,56,127,0.6856544017791748,False,
ship_045,38,4,125,102,0.6797993183135986,False,
ship_045,38,5,42,127,0.657390832901001,False,
ship_045,38,6,127,121,0.6542723774909973,False,
ship_045,38,7,22,67,0.6288394927978516,False,
ship_045,38,8,8,127,0.6201677918434143,False,
ship_045,38,9,58,65,0.6142494082450867,False,
ship_045,38,10,89,46,0.601215124130249,False,
ship_045,39,1,80,83,0.7543334364891052,True,0.9043089726546525
ship_045,39,2,57,52,0.7494122982025146,True,3.006619269554801
ship_045,39,3,125,103,0.7338190674781799,False,
ship_045,39,4,21,127,0.6787664294242859,False,
ship_045,39,5,127,123,0.6699777245521545,False,
ship_045,39,6,54,127,0.6659773588180542,False,
ship_045,39,7,44,127,0.6630900502204895,False,
ship_045,39,8,62,125,0.6343156695365906,False,
ship_045,39,9,6,127,0.6303711533546448,False,
ship_045,39,10,29,127,0.6246736645698547,False,
ship_045,40,1,80,83,0.7626504898071289,True,0.8427485218702319
ship_045,40,2,55,52,0.7532112002372742,True,1.8041526852857726
ship_045,40,3,125,103,0.6889317631721497,False,
ship_045,40,4,66,65,0.6660800576210022,False,
ship_045,40,5,127,124,0.6647847890853882,False,
ship_045,40,6,58,127,0.663754940032959,False,
ship_045,40,7,48,127,0.6445660591125488,False,
ship_045,40,8,36,69,0.6396139860153198,False,
ship_045,40,9,54,65,0.6394859552383423,False,
ship_045,40,10,90,45,0.624428927898407,False,
ship_045,41,1,79,83,0.756747841835022,True,1.388125938409799
ship_045,41,2,60,51,0.7507321834564209,True,5.71713724381385
ship_045,41,3,53,51,0.7421005368232727,False,
ship_045,41,4,127,104,0.7116743326187134,True,1.9120000569894293
ship_045,41,5,127,121,0.6713225245475769,False,
ship_045,41,6,61,127,0.6700688004493713,False,
ship_045,41,7,52,65,0.670067310333252,False,
ship_045,41,8,66,65,0.658326268196106,False,
ship_045,41,9,20,108,0.6373354196548462,False,
ship_045,41,10,38,70,0.6310760378837585,False,
ship_045,42,1,79,85,0.7688816785812378,True,3.307380596483161
ship_045,42,2,57,52,0.7424262166023254,True,3.5344938061903988
ship_045,42,3,125,103,0.717637836933136,False,
ship_045,42,4,52,65,0.6996623277664185,False,
ship_045,42,5,127,123,0.6653309464454651,False,
ship_045,42,6,67,127,0.6546694040298462,False,
ship_045,42,7,82,5,0.6450976133346558,False,
ship_045,42,8,17,127,0.6399375200271606,False,
ship_045,42,9,100,47,0.6394047737121582,False,
ship_045,42,10,97,38,0.6385710835456848,False,
ship_045,43,1,79,86,0.7716696858406067,True,4.024655961454603
ship_045,43,2,56,53,0.7700895667076111,True,3.3146586403597005
ship_045,43,3,125,103,0.7161630392074585,False,
ship_045,43,4,91,127,0.7060121893882751,False,
ship_045,43,5,127,127,0.7007342576980591,False,
ship_045,43,6,53,66,0.6718448400497437,False,
ship_045,43,7,19,108,0.6514338850975037,False,
ship_045,43,8,64,69,0.6430583000183105,False,
ship_045,43,9,62,127,0.6423764824867249,False,
ship_045,43,10,107,54,0.6355616450309753,False,
ship_045,44,1,81,83,0.7604928016662598,True,0.4179314113261138
ship_045,44,2,53,55,0.7461051344871521,True,3.2122172298102103
ship_045,44,3,60,51,0.7396863102912903,False,
ship_045,44,4,125,103,0.707727313041687,False,
ship_045,44,5,75,127,0.6877295970916748,False,
ship_045,44,6,19,108,0.6643202304840088,False,
ship_045,44,7,106,127,0.6494663953781128,False,
ship_045,44,8,125,127,0.6473963260650635,False,
ship_045,44,9,56,66,0.6466927528381348,False,
ship_045,44,10,97,127,0.645261287689209,False,
ship_045,45,1,52,52,0.7490922808647156,True,0.22881618580885021
ship_045,45,2,80,86,0.7432770729064941,True,3.706708088159654
ship_045,45,3,125,103,0.723818302154541,False,
ship_045,45,4,80,127,0.681518018245697,False,
ship_045,45,5,69,127,0.6800835132598877,False,
ship_045,45,6,91,127,0.6775863170623779,False,
ship_045,45,7,107,127,0.6731006503105164,False,
ship_045,45,8,127,125,0.6726999878883362,False,
ship_045,45,9,63,68,0.6416510939598083,False,
ship_045,45,10,99,39,0.6353602409362793,False,
ship_045,46,1,52,56,0.7640690803527832,True,3.6388254555713075
ship_045,46,2,81,85,0.7576207518577576,True,2.407693659219233
ship_045,46,3,80,127,0.6935499310493469,False,
ship_045,46,4,127,106,0.689296543598175,True,2.9466972044837183
ship_045,46,5,127,125,0.6804284453392029,False,
ship_045,46,6,93,127,0.6712371706962585,False,
ship_045,46,7,120,85,0.6535266637802124,False,
ship_045,46,8,112,127,0.6433782577514648,False,
ship_045,46,9,118,53,0.629054069519043,False,
ship_045,46,10,99,105,0.6260401606559753,False,
ship_045,47,1,81,87,0.7672921419143677,True,4.278113486246624
ship_045,47,2,56,54,0.7472193241119385,True,4.719983762521034
ship_045,47,3,125,104,0.6846731901168823,True,1.1844523004046754
ship_045,47,4,79,127,0.6756477952003479,False,
ship_045,47,5,106,127,0.6656613349914551,False,
ship_045,47,6,127,125,0.636769711971283,False,
ship_045,47,7,96,85,0.6326556205749512,False,
ship_045,47,8,120,43,0.6118862628936768,False,
ship_045,47,9,116,75,0.6094095706939697,False,
ship_045,47,10,91,127,0.6050651669502258,False,
ship_045,48,1,52,56,0.7656341195106506,True,2.911046337053206
ship_045,48,2,84,84,0.7625037431716919,True,1.6146548030041952
ship_045,48,3,127,104,0.6905661821365356,True,1.0347541682906891
ship_045,48,4,127,125,0.6784772276878357,False,
ship_045,48,5,110,127,0.6673688292503357,False,
ship_045,48,6,125,88,0.638607382774353,False,
ship_045,48,7,118,80,0.6258161067962646,False,
ship_045,48,8,80,127,0.619662344455719,False,
ship_045,48,9,64,71,0.6090689301490784,False,
ship_045,48,10,102,58,0.6087159514427185,False,
ship_045,49,1,52,57,0.7676250338554382,True,3.4437757456719176
ship_045,49,2,81,87,0.7636521458625793,True,4.540039033414573
ship_045,49,3,127,106,0.7116743326187134,True,2.73842342152053
ship_045,49,4,33,3,0.6525067090988159,False,
ship_045,49,5,125,127,0.6423979997634888,False,
ship_045,49,6,127,84,0.6300499439239502,False,
ship_045,49,7,91,37,0.6098359227180481,False,
ship_045,49,8,109,125,0.5992765426635742,False,
ship_045,49,9,64,72,0.5936341881752014,False,
ship_045,49,10,119,78,0.5769146680831909,False,
ship_047,0,1,23,28,0.6997260451316833,True,2.085260684761367
ship_047,0,2,48,103,0.6743829846382141,False,
ship_047,0,3,41,41,0.6626265645027161,False,
ship_047,0,4,33,100,0.6441124081611633,False,
ship_047,0,5,39,51,0.6407379508018494,False,
ship_047,0,6,30,124,0.6372833847999573,False,
ship_047,0,7,22,122,0.6036767959594727,False,
ship_047,0,8,34,78,0.602297306060791,False,
ship_047,0,9,39,85,0.6001883745193481,False,
ship_047,0,10,32,60,0.5866016745567322,False,
ship_047,1,1,23,28,0.7259324193000793,True,3.0881530070371
ship_047,1,2,39,51,0.667716383934021,False,
ship_047,1,3,32,62,0.6652393341064453,False,
ship_047,1,4,30,125,0.6581704020500183,False,
ship_047,1,5,47,101,0.6382786631584167,False,
ship_047,1,6,33,99,0.6203706860542297,False,
ship_047,1,7,33,77,0.5766200423240662,False,
ship_047,1,8,28,109,0.5590670704841614,False,
ship_047,1,9,21,127,0.5567537546157837,False,
ship_047,1,10,37,85,0.5542898178100586,False,
ship_047,2,1,22,33,0.719489574432373,True,1.5656163946818955
ship_047,2,2,37,109,0.6782770156860352,False,
ship_047,2,3,32,99,0.6713033318519592,False,
ship_047,2,4,32,122,0.6688721776008606,False,
ship_047,2,5,38,60,0.6548742055892944,False,
ship_047,2,6,38,53,0.6390300989151001,False,
ship_047,2,7,33,86,0.6372882723808289,False,
ship_047,2,8,40,44,0.6124000549316406,False,
ship_047,2,9,29,75,0.6064876317977905,False,
ship_047,2,10,27,110,0.5972810983657837,False,
ship_047,3,1,22,34,0.7310544848442078,True,1.6960098054092732
ship_047,3,2,46,108,0.7088388204574585,False,
ship_047,3,3,33,100,0.7006759643554688,False,
ship_047,3,4,38,111,0.6958321928977966,False,
ship_047,3,5,31,124,0.6825680136680603,False,
ship_047,3,6,37,60,0.6766226291656494,False,
ship_047,3,7,27,110,0.6746290922164917,False,
ship_047,3,8,38,85,0.6663568615913391,False,
ship_047,3,9,48,116,0.6427380442619324,False,
ship_047,3,10,28,9,0.6282622814178467,False,
ship_047,4,1,22,33,0.7626791000366211,True,0.3390588973287479
ship_047,4,2,48,102,0.7292008996009827,False,
ship_047,4,3,38,107,0.7240103483200073,False,
ship_047,4,4,38,85,0.716538667678833,False,
ship_047,4,5,28,76,0.7046889066696167,False,
ship_047,4,6,27,111,0.6801956295967102,False,
ship_047,4,7,48,116,0.6779265999794006,False,
ship_047,4,8,37,61,0.6692497730255127,False,
ship_047,4,9,37,53,0.6690703630447388,False,
ship_047,4,10,33,122,0.6689826250076294,False,
ship_047,5,1,22,32,0.746362030506134,True,1.6322277794226319
ship_047,5,2,47,104,0.7305808067321777,False,
ship_047,5,3,32,99,0.7024568915367126,False,
ship_047,5,4,38,112,0.6993986368179321,False,
ship_047,5,5,38,85,0.6980749368667603,False,
ship_047,5,6,48,116,0.6955816149711609,False,
ship_047,5,7,39,102,0.6935499906539917,False,
ship_047,5,8,30,76,0.6735048890113831,False,
ship_047,5,9,33,122,0.6720747351646423,False,
ship_047,5,10,27,112,0.6485015153884888,False,
ship_047,6,1,22,34,0.7639656066894531,True,0.10577176822274935
ship_047,6,2,33,100,0.729927122592926,False,
ship_047,6,3,46,107,0.7174241542816162,False,
ship_047,6,4,38,85,0.6995039582252502,False,
ship_047,6,5,33,121,0.6855315566062927,False,
ship_047,6,6,38,109,0.6615988612174988,False,
ship_047,6,7,38,62,0.6528513431549072,False,
ship_047,6,8,29,77,0.629914402961731,False,
ship_047,6,9,44,49,0.6182352900505066,False,
ship_047,6,10,27,13,0.5814675092697144,False,
ship_047,7,1,22,33,0.7498857975006104,True,1.4918789180788505
ship_047,7,2,48,102,0.7323780059814453,False,
ship_047,7,3,46,112,0.7204103469848633,False,
ship_047,7,4,38,85,0.7048512697219849,False,
ship_047,7,5,38,113,0.7041938304901123,False,
ship_047,7,6,29,75,0.6762592792510986,False,
ship_047,7,7,26,112,0.6547673344612122,False,
ship_047,7,8,39,42,0.6521092057228088,False,
ship_047,7,9,47,52,0.6476328372955322,False,
ship_047,7,10,38,53,0.6471446752548218,False,
ship_047,8,1,22,33,0.758725106716156,True,2.6418380568383673
ship_047,8,2,45,109,0.7071336507797241,False,
ship_047,8,3,33,100,0.7021497488021851,False,
ship_047,8,4,48,117,0.6902620196342468,False,
ship_047,8,5,30,79,0.6856316924095154,False,
ship_047,8,6,34,121,0.6517479419708252,False,
ship_047,8,7,48,58,0.6385761499404907,False,
ship_047,8,8,26,113,0.6321815848350525,False,
ship_047,8,9,32,64,0.6178370118141174,False,
ship_047,8,10,39,63,0.6172230243682861,False,
ship_047,9,1,21,38,0.7683954238891602,True,2.4254382747833314
ship_047,9,2,48,102,0.6842225193977356,False,
ship_047,9,3,45,110,0.6841963529586792,False,
ship_047,9,4,29,75,0.670162558555603,False,
ship_047,9,5,32,101,0.6540648341178894,False,
ship_047,9,6,26,112,0.649949848651886,False,
ship_047,9,7,33,121,0.6465084552764893,False,
ship_047,9,8,31,62,0.6288408041000366,False,
ship_047,9,9,47,53,0.6067566871643066,False,
ship_047,9,10,38,45,0.6015428900718689,False,
ship_047,10,1,21,38,0.7741464972496033,True,1.545999966171026
ship_047,10,2,27,127,0.6921044588088989,False,
ship_047,10,3,48,101,0.6913143396377563,False,
ship_047,10,4,48,116,0.6758196949958801,False,
ship_047,10,5,29,76,0.672087550163269,False,
ship_047,10,6,33,99,0.6509628891944885,False,
ship_047,10,7,27,107,0.6313722729682922,False,
ship_047,10,8,31,62,0.6093848347663879,False,
ship_047,10,9,48,67,0.6076638698577881,False,
ship_047,10,10,39,63,0.6072250604629517,False,
ship_047,11,1,21,37,0.7608177661895752,True,0.8918801831678287
ship_047,11,2,48,102,0.6834750175476074,False,
ship_047,11,3,33,100,0.6720864176750183,False,
ship_047,11,4,48,117,0.6489545106887817,False,
ship_047,11,5,34,121,0.6429917216300964,False,
ship_047,11,6,26,113,0.6170834898948669,False,
ship_047,11,7,30,78,0.6149770021438599,False,
ship_047,11,8,38,85,0.6050751209259033,False,
ship_047,11,9,32,65,0.6036946177482605,False,
ship_047,11,10,33,14,0.5996119976043701,False,
ship_047,12,1,21,37,0.7646253705024719,True,0.6105267817999702
ship_047,12,2,33,99,0.6644222736358643,False,
ship_047,12,3,48,101,0.6431213021278381,False,
ship_047,12,4,48,23,0.6113642454147339,False,
ship_047,12,5,8,14,0.606418251991272,False,
ship_047,12,6,45,109,0.6045767068862915,False,
ship_047,12,7,32,79,0.6002510786056519,False,
ship_047,12,8,17,55,0.5975964665412903,False,
ship_047,12,9,48,12,0.5935566425323486,False,
ship_047,12,10,31,22,0.5935207605361938,False,
ship_047,13,1,21,38,0.7599050402641296,True,0.5010456761719723
ship_047,13,2,33,101,0.6411977410316467,False,
ship_047,13,3,48,103,0.6306870579719543,False,
ship_047,13,4,33,121,0.6036390662193298,False,
ship_047,13,5,37,85,0.5873144268989563,False,
ship_047,13,6,49,127,0.5857326984405518,False,
ship_047,13,7,25,127,0.57595294713974,False,
ship_047,13,8,21,85,0.5739889144897461,False,
ship_047,13,9,31,51,0.5637046694755554,False,
ship_047,13,10,14,114,0.5635266304016113,False,
ship_047,14,1,21,38,0.7426615953445435,True,0.8185624347951407
ship_047,14,2,48,103,0.6596031188964844,False,
ship_047,14,3,28,127,0.5981099605560303,False,
ship_047,14,4,48,116,0.5954491496086121,False,
ship_047,14,5,49,127,0.5912564396858215,False,
ship_047,14,6,33,99,0.5752741098403931,False,
ship_047,14,7,15,53,0.5738764405250549,False,
ship_047,14,8,35,0,0.570099949836731,False,
ship_047,14,9,31,9,0.566524863243103,False,
ship_047,14,10,31,79,0.5595422387123108,False,
ship_047,15,1,20,40,0.7442501187324524,True,0.5479585950357739
ship_047,15,2,48,101,0.6163537502288818,False,
ship_047,15,3,48,113,0.6084619164466858,False,
ship_047,15,4,33,121,0.605189323425293,False,
ship_047,15,5,33,101,0.5992577075958252,False,
ship_047,15,6,31,79,0.5926451683044434,False,
ship_047,15,7,48,127,0.567230224609375,False,
ship_047,15,8,33,65,0.564151406288147,False,
ship_047,15,9,28,23,0.5601003766059875,False,
ship_047,15,10,32,4,0.5573891401290894,False,
ship_047,16,1,20,40,0.7400445938110352,True,0.4769106020193012
ship_047,16,2,45,111,0.6326484680175781,False,
ship_047,16,3,29,77,0.5928245782852173,False,
ship_047,16,4,33,102,0.590808093547821,False,
ship_047,16,5,48,127,0.5882341861724854,False,
ship_047,16,6,33,127,0.5845136046409607,False,
ship_047,16,7,49,52,0.5573167204856873,False,
ship_047,16,8,33,4,0.5512559413909912,False,
ship_047,16,9,39,42,0.5500786900520325,False,
ship_047,16,10,40,85,0.5433072447776794,False,
ship_047,17,1,20,42,0.7333584427833557,True,1.1309181617754407
ship_047,17,2,48,103,0.6293339133262634,False,
ship_047,17,3,33,101,0.613693118095398,False,
ship_047,17,4,41,42,0.600760281085968,False,
ship_047,17,5,29,127,0.5828825235366821,False,
ship_047,17,6,27,116,0.577112078666687,False,
ship_047,17,7,31,65,0.5768401026725769,False,
ship_047,17,8,38,84,0.5754467248916626,False,
ship_047,17,9,30,78,0.5647750496864319,False,
ship_047,17,10,53,0,0.560096800327301,False,
ship_047,18,1,20,41,0.7554643750190735,True,0.1580102279431051
ship_047,18,2,32,80,0.6357038021087646,False,
ship_047,18,3,49,101,0.6351975202560425,False,
ship_047,18,4,34,127,0.6222212314605713,False,
ship_047,18,5,32,66,0.6145703196525574,False,
ship_047,18,6,33,100,0.6134766936302185,False,
ship_047,18,7,47,115,0.591734766960144,False,
ship_047,18,8,21,127,0.5832653641700745,False,
ship_047,18,9,49,127,0.5794745683670044,False,
ship_047,18,10,49,57,0.5697453618049622,False,
ship_047,19,1,20,42,0.7167929410934448,True,0.42174275441627734
ship_047,19,2,30,80,0.6564142107963562,False,
ship_047,19,3,33,122,0.630118727684021,False,
ship_047,19,4,35,101,0.6266548037528992,False,
ship_047,19,5,48,102,0.6237815618515015,False,
ship_047,19,6,48,116,0.6169962286949158,False,
ship_047,19,7,31,62,0.592009425163269,False,
ship_047,19,8,47,127,0.565785825252533,False,
ship_047,19,9,49,67,0.5560287833213806,False,
ship_047,19,10,40,42,0.5315039157867432,False,
ship_047,20,1,20,43,0.7433859705924988,True,0.6095652886603825
ship_047,20,2,21,35,0.7089932560920715,False,
ship_047,20,3,32,79,0.6767192482948303,False,
ship_047,20,4,34,127,0.5995244383811951,False,
ship_047,20,5,29,63,0.5767508149147034,False,
ship_047,20,6,26,112,0.5712752342224121,False,
ship_047,20,7,35,101,0.5629698634147644,False,
ship_047,20,8,39,50,0.5619110465049744,False,
ship_047,20,9,43,107,0.5544736981391907,False,
ship_047,20,10,2,127,0.5417904853820801,False,
ship_047,21,1,19,44,0.7386496067047119,True,0.5390762535136583
ship_047,21,2,28,77,0.6590168476104736,False,
ship_047,21,3,30,62,0.6319848299026489,False,
ship_047,21,4,48,104,0.6199296712875366,False,
ship_047,21,5,33,100,0.6041451096534729,False,
ship_047,21,6,33,122,0.5938063859939575,False,
ship_047,21,7,23,127,0.5912911295890808,False,
ship_047,21,8,27,114,0.5825423002243042,False,
ship_047,21,9,47,127,0.5654062628746033,False,
ship_047,21,10,10,127,0.5576492547988892,False,
ship_047,22,1,19,44,0.7405021786689758,True,0.3265636804920919
ship_047,22,2,29,78,0.6992155313491821,False,
ship_047,22,3,31,87,0.6342470049858093,False,
ship_047,22,4,33,100,0.6254565715789795,False,
ship_047,22,5,31,66,0.6153143048286438,False,
ship_047,22,6,28,127,0.6141185760498047,False,
ship_047,22,7,45,112,0.6035153269767761,False,
ship_047,22,8,48,127,0.5952756404876709,False,
ship_047,22,9,39,49,0.5650158524513245,False,
ship_047,22,10,27,109,0.5599288940429688,False,
ship_047,23,1,19,45,0.7445523142814636,True,0.5933020732601944
ship_047,23,2,29,77,0.6602752804756165,False,
ship_047,23,3,34,101,0.6269526481628418,False,
ship_047,23,4,44,110,0.6257383227348328,False,
ship_047,23,5,48,103,0.6205922961235046,False,
ship_047,23,6,32,85,0.61672443151474,False,
ship_047,23,7,49,127,0.6055991649627686,False,
ship_047,23,8,26,108,0.5954036116600037,False,
ship_047,23,9,33,121,0.5896056294441223,False,
ship_047,23,10,30,62,0.5881248712539673,False,
ship_047,24,1,19,44,0.7545907497406006,True,1.7394092649484325
ship_047,24,2,33,101,0.6184515953063965,False,
ship_047,24,3,29,78,0.6026125550270081,False,
ship_047,24,4,30,63,0.5957421064376831,False,
ship_047,24,5,48,103,0.5773971080780029,False,
ship_047,24,6,43,83,0.5744557976722717,False,
ship_047,24,7,50,127,0.5700324773788452,False,
ship_047,24,8,35,127,0.5697296261787415,False,
ship_047,24,9,3,127,0.5695893168449402,False,
ship_047,24,10,44,17,0.5692737102508545,False,
ship_047,25,1,19,46,0.7567557096481323,True,0.4718278594942888
ship_047,25,2,48,102,0.6546024084091187,False,
ship_047,25,3,32,100,0.6223680973052979,False,
ship_047,25,4,21,127,0.6017279028892517,False,
ship_047,25,5,17,59,0.6001723408699036,False,
ship_047,25,6,13,71,0.598924458026886,False,
ship_047,25,7,8,11,0.5912480354309082,False,
ship_047,25,8,42,30,0.5902289748191833,False,
ship_047,25,9,37,0,0.5842322111129761,False,
ship_047,25,10,2,78,0.5832657814025879,False,
ship_047,26,1,19,46,0.7409796118736267,True,1.7072087244342997
ship_047,26,2,33,101,0.6785469651222229,False,
ship_047,26,3,48,0,0.605733335018158,False,
ship_047,26,4,48,27,0.6053622364997864,False,
ship_047,26,5,32,81,0.5987598299980164,False,
ship_047,26,6,33,127,0.5986365079879761,False,
ship_047,26,7,48,127,0.5932912230491638,False,
ship_047,26,8,3,80,0.5892489552497864,False,
ship_047,26,9,48,105,0.5863646864891052,False,
ship_047,26,10,48,35,0.5853225588798523,False,
ship_047,27,1,19,47,0.732720673084259,True,1.251624918165077
ship_047,27,2,30,127,0.6285051703453064,False,
ship_047,27,3,45,110,0.6100850105285645,False,
ship_047,27,4,29,78,0.5848466753959656,False,
ship_047,27,5,49,35,0.581025242805481,False,
ship_047,27,6,48,81,0.5688781142234802,False,
ship_047,27,7,48,22,0.5661260485649109,False,
ship_047,27,8,33,25,0.5658138394355774,False,
ship_047,27,9,10,45,0.5633883476257324,False,
ship_047,27,10,34,101,0.5623995065689087,False,
ship_047,28,1,19,46,0.705488920211792,True,3.4822555178083427
ship_047,28,2,32,81,0.6359446048736572,False,
ship_047,28,3,34,127,0.6272335648536682,False,
ship_047,28,4,49,127,0.6037298440933228,False,
ship_047,28,5,33,101,0.5981392860412598,False,
ship_047,28,6,45,111,0.5969150066375732,False,
ship_047,28,7,49,103,0.5715492367744446,False,
ship_047,28,8,30,29,0.562332034111023,False,
ship_047,28,9,47,0,0.5559834837913513,False,
ship_047,28,10,21,127,0.5497465133666992,False,
ship_047,29,1,18,50,0.7245023846626282,True,0.09408307890564006
ship_047,29,2,33,82,0.6494397521018982,False,
ship_047,29,3,32,127,0.6260183453559875,False,
ship_047,29,4,48,105,0.6125551462173462,False,
ship_047,29,5,34,101,0.5862981677055359,False,
ship_047,29,6,44,71,0.5793098211288452,False,
ship_047,29,7,35,70,0.5734679102897644,False,
ship_047,29,8,48,81,0.5701255202293396,False,
ship_047,29,9,49,127,0.5516002178192139,False,
ship_047,29,10,49,120,0.5389876365661621,False,
ship_047,30,1,18,49,0.7138242125511169,True,1.9475950299671174
ship_047,30,2,32,81,0.6502193808555603,False,
ship_047,30,3,34,68,0.6104811429977417,False,
ship_047,30,4,31,127,0.6103149652481079,False,
ship_047,30,5,34,101,0.6068020462989807,False,
ship_047,30,6,45,111,0.5876262784004211,False,
ship_047,30,7,46,127,0.5791295170783997,False,
ship_047,30,8,43,70,0.5647082924842834,False,
ship_047,30,9,0,127,0.5396137237548828,False,
ship_047,30,10,49,42,0.4978801906108856,False,
ship_047,31,1,18,52,0.715130090713501,True,0.28829358282820683
ship_047,31,2,48,127,0.6284348964691162,False,
ship_047,31,3,39,127,0.6174243092536926,False,
ship_047,31,4,48,106,0.6154153347015381,False,
ship_047,31,5,32,127,0.6087182760238647,False,
ship_047,31,6,33,84,0.5950064659118652,False,
ship_047,31,7,35,69,0.5786729454994202,False,
ship_047,31,8,34,102,0.5643115043640137,False,
ship_047,31,9,45,53,0.5600639581680298,False,
ship_047,31,10,48,66,0.539031982421875,False,
ship_047,32,1,18,52,0.6962985396385193,True,0.809296221748354
ship_047,32,2,32,83,0.6817013025283813,False,
ship_047,32,3,48,106,0.6374749541282654,False,
ship_047,32,4,32,104,0.6079297661781311,False,
ship_047,32,5,48,119,0.6007761359214783,False,
ship_047,32,6,34,127,0.5960255861282349,False,
ship_047,32,7,33,67,0.5868741869926453,False,
ship_047,32,8,50,127,0.5682181119918823,False,
ship_047,32,9,48,64,0.5644636750221252,False,
ship_047,32,10,21,127,0.5548619627952576,False,
ship_047,33,1,17,54,0.7107439637184143,True,0.38717279672432264
ship_047,33,2,33,106,0.6743776798248291,False,
ship_047,33,3,31,84,0.6544182300567627,False,
ship_047,33,4,48,106,0.6363745331764221,False,
ship_047,33,5,29,127,0.6315344572067261,False,
ship_047,33,6,31,66,0.6161994934082031,False,
ship_047,33,7,50,127,0.602699875831604,False,
ship_047,33,8,2,127,0.5679610967636108,False,
ship_047,33,9,44,54,0.5555531978607178,False,
ship_047,33,10,49,63,0.5225673317909241,False,
ship_047,34,1,17,56,0.7472787499427795,True,1.9416294552404587
ship_047,34,2,33,106,0.6243570446968079,False,
ship_047,34,3,29,81,0.6204499006271362,False,
ship_047,34,4,44,112,0.6172332167625427,False,
ship_047,34,5,34,127,0.6107568740844727,False,
ship_047,34,6,47,120,0.5936750769615173,False,
ship_047,34,7,32,67,0.5662891864776611,False,
ship_047,34,8,5,127,0.5576492547988892,False,
ship_047,34,9,49,78,0.551202118396759,False,
ship_047,34,10,15,5,0.5366177558898926,False,
ship_047,35,1,17,55,0.7534645199775696,True,0.15381663033503123
ship_047,35,2,31,83,0.6728450655937195,False,
ship_047,35,3,44,113,0.641947865486145,False,
ship_047,35,4,33,105,0.6399516463279724,False,
ship_047,35,5,40,66,0.6121177077293396,False,
ship_047,35,6,32,127,0.5984987616539001,False,
ship_047,35,7,32,67,0.5812760591506958,False,
ship_047,35,8,45,127,0.5636471509933472,False,
ship_047,35,9,20,40,0.562243640422821,False,
ship_047,35,10,40,53,0.5470723509788513,False,
ship_047,36,1,17,56,0.7410298585891724,True,0.659076495247041
ship_047,36,2,44,111,0.6219474077224731,False,
ship_047,36,3,43,69,0.6157607436180115,False,
ship_047,36,4,30,85,0.6011573076248169,False,
ship_047,36,5,33,127,0.5947811007499695,False,
ship_047,36,6,36,113,0.5852481126785278,False,
ship_047,36,7,32,106,0.5846245884895325,False,
ship_047,36,8,49,94,0.571937084197998,False,
ship_047,36,9,39,17,0.5641899108886719,False,
ship_047,36,10,4,0,0.5617800951004028,False,
ship_047,37,1,17,56,0.7582883238792419,True,0.710613263771881
ship_047,37,2,48,107,0.6910833120346069,False,
ship_047,37,3,34,71,0.6320396065711975,False,
ship_047,37,4,34,106,0.6269789338111877,False,
ship_047,37,5,31,84,0.6265982985496521,False,
ship_047,37,6,30,127,0.6228312849998474,False,
ship_047,37,7,44,85,0.6006158590316772,False,
ship_047,37,8,43,18,0.5954381823539734,False,
ship_047,37,9,48,127,0.5813051462173462,False,
ship_047,37,10,2,27,0.5808027982711792,False,
ship_047,38,1,17,56,0.7455339431762695,True,1.267614699004289
ship_047,38,2,32,83,0.6331722140312195,False,
ship_047,38,3,27,92,0.6068082451820374,False,
ship_047,38,4,35,127,0.5943028926849365,False,
ship_047,38,5,48,108,0.5941099524497986,False,
ship_047,38,6,39,17,0.5910762548446655,False,
ship_047,38,7,3,25,0.5861154198646545,False,
ship_047,38,8,26,127,0.5824224352836609,False,
ship_047,38,9,48,127,0.5811964869499207,False,
ship_047,38,10,43,85,0.5810474753379822,False,
ship_047,39,1,17,57,0.7476544380187988,True,0.393759669516155
ship_047,39,2,33,106,0.6439254283905029,False,
ship_047,39,3,30,84,0.6168047189712524,False,
ship_047,39,4,29,127,0.5983684062957764,False,
ship_047,39,5,48,108,0.5980308651924133,False,
ship_047,39,6,35,71,0.5829395055770874,False,
ship_047,39,7,40,46,0.5523392558097839,False,
ship_047,39,8,43,127,0.5495182871818542,False,
ship_047,39,9,43,85,0.5482922792434692,False,
ship_047,39,10,8,12,0.5420209765434265,False,
ship_047,40,1,17,57,0.7315289974212646,True,0.7847540017219883
ship_047,40,2,31,84,0.6181164383888245,False,
ship_047,40,3,49,127,0.6010501980781555,False,
ship_047,40,4,48,106,0.5912439227104187,False,
ship_047,40,5,33,107,0.5866055488586426,False,
ship_047,40,6,45,86,0.5664687752723694,False,
ship_047,40,7,34,70,0.5644119381904602,False,
ship_047,40,8,48,71,0.5594543814659119,False,
ship_047,40,9,30,127,0.5554208755493164,False,
ship_047,40,10,48,18,0.5482159852981567,False,
ship_047,41,1,16,59,0.7382619976997375,True,0.7702866342555996
ship_047,41,2,31,127,0.6568296551704407,False,
ship_047,41,3,32,105,0.6114577054977417,False,
ship_047,41,4,31,81,0.6098507642745972,False,
ship_047,41,5,47,127,0.6037938594818115,False,
ship_047,41,6,34,67,0.5769871473312378,False,
ship_047,41,7,48,106,0.5595777630805969,False,
ship_047,41,8,48,113,0.5562606453895569,False,
ship_047,41,9,48,17,0.5538461208343506,False,
ship_047,41,10,21,127,0.5458810925483704,False,
ship_047,42,1,16,57,0.7456694841384888,True,1.3356977121984968
ship_047,42,2,41,66,0.6265243887901306,False,
ship_047,42,3,44,85,0.6203119158744812,False,
ship_047,42,4,36,83,0.6052665114402771,False,
ship_047,42,5,32,104,0.6027776598930359,False,
ship_047,42,6,37,119,0.5964764952659607,False,
ship_047,42,7,44,111,0.5952348709106445,False,
ship_047,42,8,34,127,0.5837345719337463,False,
ship_047,42,9,49,127,0.580255925655365,False,
ship_047,42,10,25,127,0.561465859413147,False,
ship_047,43,1,16,58,0.7364476919174194,True,0.6214711840688699
ship_047,43,2,49,127,0.6590077877044678,False,
ship_047,43,3,36,70,0.634837806224823,False,
ship_047,43,4,48,85,0.6288467645645142,False,
ship_047,43,5,31,105,0.6219722032546997,False,
ship_047,43,6,32,84,0.618696391582489,False,
ship_047,43,7,48,105,0.6128214001655579,False,
ship_047,43,8,43,66,0.6077511310577393,False,
ship_047,43,9,48,77,0.6072623133659363,False,
ship_047,43,10,41,112,0.6042643785476685,False,
ship_047,44,1,16,59,0.7503015398979187,True,0.8854201721355985
ship_047,44,2,44,84,0.6399121284484863,False,
ship_047,44,3,45,111,0.627181351184845,False,
ship_047,44,4,34,83,0.6232004761695862,False,
ship_047,44,5,33,127,0.6229588985443115,False,
ship_047,44,6,48,127,0.6114315986633301,False,
ship_047,44,7,43,70,0.6054418087005615,False,
ship_047,44,8,34,111,0.593998908996582,False,
ship_047,44,9,49,120,0.5647282004356384,False,
ship_047,44,10,33,101,0.5638213753700256,False,
ship_047,45,1,16,60,0.7215921878814697,True,0.33687447322506636
ship_047,45,2,45,84,0.6471335291862488,False,
ship_047,45,3,35,113,0.6228610277175903,False,
ship_047,45,4,48,73,0.6142852902412415,False,
ship_047,45,5,34,127,0.6024494767189026,False,
ship_047,45,6,33,86,0.6019901037216187,False,
ship_047,45,7,48,94,0.5953428149223328,False,
ship_047,45,8,48,113,0.5915530323982239,False,
ship_047,45,9,43,64,0.5901923179626465,False,
ship_047,45,10,23,127,0.5801689624786377,False,
ship_047,46,1,16,59,0.7317358255386353,True,1.4582112738516355
ship_047,46,2,32,127,0.6234032511711121,False,
ship_047,46,3,44,85,0.6212670207023621,False,
ship_047,46,4,31,80,0.6067022681236267,False,
ship_047,46,5,47,55,0.6032602190971375,False,
ship_047,46,6,46,109,0.5997053980827332,False,
ship_047,46,7,34,104,0.5856311917304993,False,
ship_047,46,8,4,127,0.5675536394119263,False,
ship_047,46,9,42,66,0.5601778030395508,False,
ship_047,46,10,44,127,0.5450524091720581,False,
ship_047,47,1,16,60,0.7129765748977661,True,1.2119969919012714
ship_047,47,2,48,104,0.6103591918945312,False,
ship_047,47,3,47,127,0.6062086224555969,False,
ship_047,47,4,48,114,0.6014981269836426,False,
ship_047,47,5,48,54,0.5836508870124817,False,
ship_047,47,6,30,127,0.5805654525756836,False,
ship_047,47,7,37,86,0.5775671601295471,False,
ship_047,47,8,36,114,0.5742332935333252,False,
ship_047,47,9,29,78,0.573040246963501,False,
ship_047,47,10,33,97,0.5703827738761902,False,
ship_047,48,1,15,62,0.7435548305511475,True,0.5176968531513368
ship_047,48,2,33,127,0.6285668611526489,False,
ship_047,48,3,49,127,0.6255768537521362,False,
ship_047,48,4,47,104,0.6021642088890076,False,
ship_047,48,5,35,114,0.5944049954414368,False,
ship_047,48,6,40,43,0.5704366564750671,False,
ship_047,48,7,47,77,0.5688033103942871,False,
ship_047,48,8,32,84,0.5633291602134705,False,
ship_047,48,9,36,73,0.5590542554855347,False,
ship_047,48,10,4,127,0.5588045716285706,False,
ship_047,49,1,16,62,0.7338998913764954,True,0.9910952091103238
ship_047,49,2,29,127,0.6221166849136353,False,
ship_047,49,3,46,127,0.6170883774757385,False,
ship_047,49,4,44,111,0.6081027388572693,False,
ship_047,49,5,36,86,0.5789345502853394,False,
ship_047,49,6,38,54,0.5693345069885254,False,
ship_047,49,7,27,110,0.5632253289222717,False,
ship_047,49,8,44,85,0.5616956949234009,False,
ship_047,49,9,33,97,0.5549774169921875,False,
ship_047,49,10,18,100,0.5543338060379028,False,
