sequence,threshold,gt,predictions,matches,false_positives,false_negatives,precision,recall,f1,mean_error,median_error
ship_045,0.5,137,250,131,119,6,0.524,0.9562043795620438,0.6770025839793282,2.337137510645807,2.2678050774722696
ship_047,0.5,50,250,50,200,0,0.2,1.0,0.33333333333333337,1.0492419595909122,0.7970251117351712
ship_045,0.55,137,250,131,119,6,0.524,0.9562043795620438,0.6770025839793282,2.337137510645807,2.2678050774722696
ship_047,0.55,50,250,50,200,0,0.2,1.0,0.33333333333333337,1.0492419595909122,0.7970251117351712
ship_045,0.6,137,245,130,115,7,0.5306122448979592,0.948905109489051,0.6806282722513088,2.3476555738515397,2.2771340222904666
ship_047,0.6,50,222,50,172,0,0.22522522522522523,1.0,0.36764705882352944,1.0492419595909122,0.7970251117351712
ship_045,0.62,137,243,130,113,7,0.5349794238683128,0.948905109489051,0.6842105263157895,2.3476555738515397,2.2771340222904666
ship_047,0.62,50,169,50,119,0,0.2958579881656805,1.0,0.4566210045662101,1.0492419595909122,0.7970251117351712
ship_045,0.64,137,234,130,104,7,0.5555555555555556,0.948905109489051,0.7008086253369272,2.3476555738515397,2.2771340222904666
ship_047,0.64,50,121,50,71,0,0.4132231404958678,1.0,0.584795321637427,1.0492419595909122,0.7970251117351712
ship_045,0.65,137,221,129,92,8,0.583710407239819,0.9416058394160584,0.7206703910614526,2.339276951165517,2.2678050774722696
ship_047,0.65,50,111,50,61,0,0.45045045045045046,1.0,0.6211180124223602,1.0492419595909122,0.7970251117351712
ship_045,0.66,137,213,129,84,8,0.6056338028169014,0.9416058394160584,0.7371428571428572,2.339276951165517,2.2678050774722696
ship_047,0.66,50,100,50,50,0,0.5,1.0,0.6666666666666666,1.0492419595909122,0.7970251117351712
ship_045,0.68,137,179,123,56,14,0.6871508379888268,0.8978102189781022,0.7784810126582278,2.345015810748176,2.260659554323306
ship_047,0.68,50,83,50,33,0,0.6024096385542169,1.0,0.7518796992481204,1.0492419595909122,0.7970251117351712
ship_045,0.7,137,148,110,38,27,0.7432432432432432,0.8029197080291971,0.7719298245614035,2.309935525248587,2.2183232364234584
ship_047,0.7,50,65,48,17,2,0.7384615384615385,0.96,0.8347826086956522,1.0326571056882476,0.777520317988794
ship_045,0.72,137,113,97,16,40,0.8584070796460177,0.708029197080292,0.776,2.3259079088459913,2.2270012750126105
ship_047,0.72,50,47,41,6,9,0.8723404255319149,0.82,0.8453608247422681,0.9820211708465476,0.7702866342555996
ship_045,0.74,137,95,93,2,44,0.9789473684210527,0.6788321167883211,0.8017241379310346,2.356640251117562,2.260659554323306
ship_047,0.74,50,29,29,0,21,1.0,0.58,0.7341772151898733,0.9482865518506473,0.659076495247041
ship_045,0.75,137,72,71,1,66,0.9861111111111112,0.5182481751824818,0.6794258373205743,2.431012047113752,2.313426054644609
ship_047,0.75,50,14,14,0,36,1.0,0.28,0.43750000000000006,0.9414755016508807,0.6605700227859257
