track_id,bin_id,x,y,score
1,2,71.0,40.0,0.7398672699928284
1,3,70.0,42.0,0.7462272047996521
1,4,70.0,41.0,0.7640191912651062
1,5,70.0,42.0,0.7508105635643005
1,6,70.0,41.0,0.7483976483345032
1,7,69.0,40.0,0.7486164569854736
1,8,70.0,41.0,0.7436779141426086
1,9,70.0,40.0,0.7479247450828552
1,10,68.0,42.0,0.760872483253479
1,11,68.0,42.0,0.7686789631843567
1,12,68.0,41.0,0.7526895999908447
1,13,68.0,42.0,0.7650244832038879
1,14,67.0,45.0,0.7634754180908203
1,15,67.0,44.0,0.7685186266899109
1,16,66.0,44.0,0.7634842395782471
1,17,65.0,43.0,0.7549794316291809
1,18,65.0,45.0,0.7664981484413147
1,19,65.0,44.0,0.7733042240142822
1,20,64.0,45.0,0.7649954557418823
1,21,63.0,43.0,0.755168616771698
1,22,64.0,47.0,0.7628978490829468
1,23,64.0,47.0,0.7826743125915527
1,24,63.0,47.0,0.7714714407920837
1,25,63.0,46.0,0.7659261226654053
1,26,62.0,47.0,0.7687305808067322
1,27,62.0,48.0,0.7629726529121399
1,28,60.0,50.0,0.75766921043396
1,29,60.0,48.0,0.7657071352005005
1,30,64.0,47.0,0.7730309367179871
1,31,58.0,50.0,0.7689594626426697
1,32,60.0,49.0,0.7717295289039612
1,33,58.0,50.0,0.7697356343269348
1,34,58.0,51.0,0.7593714594841003
1,35,58.0,51.0,0.7653998136520386
1,36,57.0,50.0,0.7506586909294128
1,37,56.0,52.0,0.7527642846107483
1,38,60.0,51.0,0.7441511750221252
1,39,57.0,52.0,0.7494122982025146
1,40,55.0,52.0,0.7532112002372742
1,41,53.0,51.0,0.7421005368232727
1,44,60.0,51.0,0.7396863102912903
2,3,67.0,80.0,0.7443892955780029
2,4,69.0,77.0,0.7462418079376221
2,5,68.0,79.0,0.7486950159072876
2,6,68.0,79.0,0.7510451674461365
2,7,68.0,82.0,0.7587392926216125
2,8,69.0,80.0,0.7647069096565247
2,9,69.0,80.0,0.7654837369918823
2,10,69.0,82.0,0.7568976283073425
2,11,69.0,79.0,0.7475285530090332
2,12,69.0,82.0,0.7634835839271545
2,13,69.0,80.0,0.7659242749214172
2,14,69.0,82.0,0.7570458650588989
2,15,71.0,79.0,0.756218433380127
2,16,70.0,79.0,0.7571321725845337
2,17,71.0,79.0,0.7555501461029053
2,18,71.0,82.0,0.7630397081375122
2,19,73.0,79.0,0.7541778087615967
2,20,71.0,82.0,0.7493500113487244
2,21,73.0,80.0,0.7418988347053528
2,22,71.0,81.0,0.7657961845397949
2,23,73.0,82.0,0.7658700346946716
2,24,73.0,80.0,0.7446131706237793
2,25,73.0,81.0,0.7458650469779968
2,26,75.0,80.0,0.7434806823730469
2,27,75.0,82.0,0.7521704435348511
2,28,75.0,81.0,0.7604811191558838
2,29,75.0,81.0,0.7632090449333191
2,30,75.0,83.0,0.7481527328491211
2,31,76.0,82.0,0.7625340819358826
2,32,77.0,83.0,0.7527356743812561
2,33,77.0,83.0,0.7576766610145569
2,34,77.0,83.0,0.761859118938446
2,35,77.0,84.0,0.7762501239776611
2,36,78.0,83.0,0.7631085515022278
2,37,77.0,84.0,0.7688605189323425
2,38,77.0,86.0,0.7602800130844116
2,39,80.0,83.0,0.7543334364891052
2,40,80.0,83.0,0.7626504898071289
2,41,79.0,83.0,0.756747841835022
2,42,79.0,85.0,0.7688816785812378
2,43,79.0,86.0,0.7716696858406067
2,44,81.0,83.0,0.7604928016662598
2,45,80.0,86.0,0.7432770729064941
2,46,81.0,85.0,0.7576207518577576
2,47,81.0,87.0,0.7672921419143677
2,48,84.0,84.0,0.7625037431716919
2,49,81.0,87.0,0.7636521458625793
12,41,60.0,51.0,0.7507321834564209
12,42,57.0,52.0,0.7424262166023254
12,43,56.0,53.0,0.7700895667076111
12,44,53.0,55.0,0.7461051344871521
12,45,52.0,52.0,0.7490922808647156
12,46,52.0,56.0,0.7640690803527832
12,47,56.0,54.0,0.7472193241119385
12,48,52.0,56.0,0.7656341195106506
12,49,52.0,57.0,0.7676250338554382
