sequence,group_id,detection_rank,x,y,confidence
ship_045,0,1,69,36,0.9074459075927734
ship_045,0,2,66,75,0.8880777359008789
ship_045,0,3,116,91,0.6205794215202332
ship_045,0,4,0,0,0.49657976627349854
ship_045,1,1,67,75,0.9237286448478699
ship_045,1,2,68,36,0.8519846200942993
ship_045,1,3,116,91,0.5821020603179932
ship_045,1,4,0,0,0.4972071051597595
ship_045,2,1,67,76,0.8885158896446228
ship_045,2,2,67,38,0.8394709825515747
ship_045,2,3,116,90,0.5394634008407593
ship_045,2,4,0,0,0.494588702917099
ship_045,3,1,69,76,0.8222918510437012
ship_045,3,2,62,43,0.8058663606643677
ship_045,3,3,117,91,0.5368393063545227
ship_045,3,4,125,99,0.5073446035385132
ship_045,3,5,0,0,0.49354204535484314
ship_045,3,6,75,1,0.456464022397995
ship_045,4,1,60,43,0.8925034999847412
ship_045,4,2,73,76,0.8404850959777832
ship_045,4,3,125,99,0.8208217024803162
ship_045,4,4,0,0,0.530124306678772
ship_045,5,1,59,43,0.9611960649490356
ship_045,5,2,125,100,0.8635299801826477
ship_045,5,3,75,78,0.8108668923377991
ship_045,5,4,0,0,0.49427708983421326
ship_045,6,1,125,100,0.9352755546569824
ship_045,6,2,75,77,0.890248715877533
ship_045,6,3,59,44,0.8686230182647705
ship_045,6,4,0,0,0.49589937925338745
ship_045,6,5,126,125,0.4506528973579407
ship_045,7,1,55,45,0.8208484053611755
ship_045,7,2,125,99,0.7525519728660583
ship_045,7,3,76,81,0.7142568826675415
ship_045,7,4,0,0,0.5303177833557129
ship_045,8,1,52,51,0.9166136384010315
ship_045,8,2,125,100,0.7321216464042664
ship_045,8,3,79,82,0.6926062703132629
ship_045,8,4,0,0,0.4939279854297638
ship_045,8,5,127,125,0.4629805386066437
ship_045,9,1,51,52,0.9503415822982788
ship_045,9,2,82,83,0.7513254284858704
ship_045,9,3,125,100,0.7303416728973389
ship_045,9,4,0,0,0.497846394777298
