group_id,track_id,x,y,confidence,confirmed,status
0,1,20.0,29.0,0.6728293299674988,0,initial
1,1,20.0,35.0,0.5765838027000427,1,confirmed
2,1,19.0,36.0,0.6235588788986206,1,confirmed
3,1,19.0,41.0,0.5315498113632202,1,confirmed
4,1,19.0,43.0,0.6256164312362671,1,confirmed
5,1,19.0,45.0,0.5662015080451965,1,confirmed
6,1,18.0,51.0,0.5004240274429321,1,confirmed
7,1,17.0,52.0,0.4765848219394684,1,confirmed
8,1,13.0,59.0,0.5225580930709839,1,confirmed
9,1,13.0,59.0,0.6571589708328247,1,confirmed
